annee_univ;no_semestre;code_nip;rg;civilite;nom;prenom;bac;groupe_td_2a;groupe_tp_2a;moy;ue31;m3101;m3102;m3103;m3104;m3105;m3106c;ue32;m3201;m3202c;m3203;m3204;m3205;m3206;ue33;m3301;m3302;m3303
2017-2018;S3GL;55484461344;32;Mme;LERICHE;Mollie;S;C;C2;11,93;8,76;3,75;7,00;8,92;8,75;13,33;11,13;14,07;13,50;13,50;10,50;11,62;20,00;16,00;14,01;14,02;13,50;15,00
2018-2019;S3GL;35305170622;10;M.;BOILEAU;Kip;S;C;C1;12,61;11,28;3,50;11,00;11,00;15,30;12,75;15,63;13,39;10,00;14,25;11,88;13,95;15,25;15,50;13,70;13,40;14,00;14,00
2019-2020;S3GL;87616675377;33;M.;FONTENEAU;Philippe;S;B;B1;12,18;11,55;6,17;9,25;16,17;10,80;15,92;12,17;11,52;11,67;14,75;10,25;8,43;15,00;11,19;14,75;16,00;15,00;10,50
2017-2018;S3GL;71664507094;27;M.;CARTON;Stanford;S;C;C2;12,40;10,10;7,25;9,00;8,25;13,75;11,58;9,25;13,58;15,50;15,50;11,00;12,87;13,00;13,13;14,63;13,60;16,00;15,00
2018-2019;S3DS;41294879718;49;M.;SABATIER;Marlon;S;A;A2;10,45;9,65;6,74;10,63;7,33;10,20;12,92;9,50;9,91;7,20;9,08;4,63;11,11;14,50;12,31;13,12;14,18;12,33;11,50
2018-2019;S3GL;73289277165;40;M.;TROUVE;Al;S;C;C1;10,96;11,36;4,25;7,25;14,33;15,60;13,17;14,25;10,31;6,50;13,50;8,88;10,52;12,75;11,38;11,46;11,00;14,00;7,75
2019-2020;S3ALT;68298889583;23;M.;THEBAULT;Mike;S;D;D1;10,78;10,54;7,00;7,75;15,83;10,00;11,33;13,50;9,25;6,00;9,00;9,00;6,16;~;15,88;13,96;14,25;13,00;15,00
2019-2020;S3DS;78354438342;47;M.;CAILLOT;Gérard;S;A;A1;11,70;10,45;8,58;2,00;15,67;13,20;12,58;8,63;12,23;10,33;12,50;8,75;11,85;12,00;16,56;13,17;13,50;15,00;8,50
2019-2020;S3ALT;43680732468;4;M.;HERY;Haywood;S;D;D1;14,12;14,25;14,67;10,50;15,67;17,00;13,67;12,25;12,64;12,00;11,50;14,25;13,02;~;12,63;16,45;14,75;18,15;18,15
2019-2020;S3GL;56262202567;50;M.;FERET;Quanah;S;B;B1;11,60;9,43;5,50;8,50;9,67;11,40;12,92;7,54;12,50;8,33;14,63;12,75;11,20;13,00;16,25;14,17;13,50;15,00;14,50
2019-2020;S3DS;82579808110;11;M.;RIGAUD;Alain;S;A;A2;13,26;12,85;12,33;8,50;15,50;13,00;15,50;10,75;13,33;9,33;14,00;13,75;14,60;14,00;15,00;13,94;14,50;14,33;11,50
2019-2020;S3DS;47273331783;4;M.;LAFOSSE;Roderick;S;A;A1;14,36;14,28;13,50;10,75;17,17;12,20;17,83;13,75;14,77;13,14;15,50;15,50;14,71;12,00;17,25;13,72;12,00;15,67;15,00
2019-2020;S3DS;59140428015;7;M.;FAYE;Joel;S;A;A2;13,95;13,95;13,17;11,50;17,00;12,40;15,75;14,25;13,44;10,33;15,00;9,00;13,37;14,00;18,00;14,97;13,50;15,67;18,00
2019-2020;S3GL;52282348013;62;M.;LOUVEL;Aaron;S;C;C2;10,99;9,98;8,33;6,00;10,58;12,80;10,75;10,13;11,46;11,33;14,25;8,25;12,99;12,00;10,00;12,08;13,50;10,00;12,00
2019-2020;S3GL;78417625114;2;M.;CANET;Cesaire;S;B;B1;15,10;16,69;17,67;11,75;18,50;16,40;18,58;15,50;14,10;13,17;15,25;12,25;12,38;15,00;16,63;13,92;13,50;15,00;13,00
2019-2020;S3GL;31842452166;40;Mme;SEGUY;Ariana;S;B;B2;11,90;10,39;8,33;9,00;14,00;9,40;14,79;5,88;12,12;9,00;16,50;8,50;10,63;14,00;15,13;14,50;14,00;15,50;14,00
2019-2020;S3ALT;53479954513;19;M.;BRAUD;Iréné;S;D;D2;11,64;10,42;5,67;10,25;14,67;10,00;12,67;11,25;11,91;8,67;15,00;9,50;11,28;~;15,38;13,59;12,75;14,15;15,00
2019-2020;S3DS;77392266683;21;M.;MONTEIRO;Kemp;S;A;A2;12,48;11,17;9,00;11,50;12,17;11,60;14,08;7,88;13,58;11,14;15,00;13,25;13,10;15,00;15,00;12,92;12,50;13,00;14,00
2019-2020;S3DS;32164344291;43;M.;HERRY;Arn;S;A;A1;11,81;11,07;9,25;9,00;12,67;10,40;13,75;11,25;11,50;7,67;14,00;10,75;14,12;14,00;10,19;13,92;11,50;16,00;17,00
2019-2020;S3DS;17101168132;36;M.;LE BRUN;Bennie;S;A;A2;12,05;11,12;8,83;11,00;13,83;10,40;14,75;7,50;13,00;9,33;19,00;9,75;12,90;13,00;15,13;12,00;9,00;16,50;12,00
2019-2020;S3ALT;97631784582;15;Mme;DUCROS;Prue;S;D;D2;12,94;12,45;11,17;8,25;15,00;13,00;14,67;11,63;12,67;14,67;16,00;9,50;9,12;~;14,13;14,41;11,25;17,50;17,70
2019-2020;S3ALT;32285051217;22;M.;MENGUY;Franck;S;D;D1;11,17;12,12;8,67;7,50;15,97;15,00;15,17;8,75;10,25;9,00;11,50;8,50;7,16;~;14,88;10,88;7,00;14,50;15,25
2019-2020;S3GL;65432436221;32;M.;MORICE;Denzil;21.0;C;C2;12,24;12,67;10,67;7,50;11,33;16,60;14,46;13,00;10,29;5,17;15,25;7,75;13,30;12,00;9,94;15,28;16,00;14,33;15,00
2019-2020;S3GL;83323096490;48;M.;GUEDON;Crawford;S;B;B1;11,70;10,04;7,67;5,75;12,83;8,00;14,67;11,17;12,63;8,83;16,00;9,50;14,15;13,00;14,56;13,14;11,50;15,67;13,00
2019-2020;S3ALT;74882344773;12;M.;HERAULT;Michael;S;D;D1;13,20;13,09;8,17;9,50;16,67;15,00;16,33;12,75;12,88;12,67;16,50;12,50;9,52;~;14,50;14,00;11,50;16,50;16,50
2019-2020;S3DS;68778456242;8;M.;GEORGET;Kaden;S;A;A1;13,95;13,27;12,67;11,25;13,33;14,60;15,17;10,88;14,38;10,60;17,00;11,75;14,76;14,00;18,00;14,44;13,50;14,33;17,50
2019-2020;S3GL;72463463746;70;M.;LECOCQ;Aldous;S;C;C1;10,74;10,19;7,50;8,75;12,00;11,20;11,00;11,25;11,07;6,17;10,38;6,75;12,69;14,00;15,63;11,19;8,50;14,33;13,00
2019-2020;S3GL;72696646681;71;Mme;COURT;Ronda;S;B;B1;10,74;8,95;7,50;5,75;6,83;10,80;11,67;9,08;10,61;6,33;11,75;5,25;11,24;14,00;14,75;14,58;13,50;15,50;16,00
2019-2020;S3DS;42257108167;23;M.;MAS;Branden;S;A;A2;12,44;11,61;6,83;9,50;13,33;13,60;15,92;9,50;12,58;12,33;14,50;9,75;12,74;15,00;11,75;13,83;14,00;13,00;15,00
2019-2020;S3DS;79443225718;17;M.;MUNOZ;Alf;S;A;A2;12,70;11,95;10,50;9,50;15,33;10,40;14,08;12,50;13,62;12,57;20,00;9,50;12,67;13,00;14,63;12,33;9,00;16,50;14,00
2019-2020;S3GL;22671638372;60;M.;LEPINE;Baudouin;S;B;B1;11,09;8,61;3,75;9,25;8,92;10,40;11,21;8,46;12,43;10,50;14,38;11,00;11,26;12,00;15,50;13,36;11,00;15,33;16,50
2019-2020;S3GL;22351813143;56;M.;GAUVIN;Dax;TI2D;B;B2;11,37;10,70;6,17;9,25;12,17;13,00;13,71;9,42;10,35;9,33;13,63;6,50;7,36;14,00;12,50;14,75;17,50;13,00;10,00
2019-2020;S3ALT;41446020147;18;M.;DUPRAT;Everard;S;D;D1;11,66;11,56;9,17;8,50;15,33;14,00;10,83;12,00;11,21;5,33;15,00;14,50;9,86;~;14,19;12,63;10,00;15,00;15,80
2019-2020;S3GL;63185228288;73;M.;METAYER;Phil;S;B;B2;10,58;9,26;7,00;7,25;8,33;11,20;11,79;8,50;10,06;8,67;11,88;6,00;8,24;14,00;12,25;14,25;17,50;10,00;13,00
2019-2020;S3GL;22152504326;67;M.;CHRISTOPHE;Celestine;TI2D;C;C1;10,92;12,48;7,42;7,00;12,75;16,80;16,31;12,50;9,25;6,33;10,88;6,75;8,26;15,00;10,25;11,17;12,00;10,00;11,00
2019-2020;S3ALT;71887646649;10;M.;LEPINAY;Cassian;S;D;D2;13,44;14,83;13,75;11,50;17,33;13,00;18,00;15,25;11,77;9,33;12,50;8,00;10,99;~;16,81;13,56;12,25;15,00;14,60
2019-2020;S3GL;24754380362;58;M.;GODART;Ricky;S;B;B2;11,26;9,14;4,17;9,50;11,33;9,20;11,58;10,67;12,34;10,83;11,88;12,75;12,05;15,00;12,56;13,33;12,50;16,50;9,50
2019-2020;S3ALT;82789260357;11;M.;PEDRON;Richard;S;D;D1;13,39;14,20;10,50;10,00;13,87;16,00;18,33;15,00;11,18;7,67;12,50;12,75;9,64;~;14,50;15,65;14,25;17,00;17,15
2019-2020;S3DS;54597826387;45;M.;QUINTIN;Hedley;S;A;A2;11,78;10,75;7,67;11,00;7,67;13,40;13,25;10,13;12,24;7,67;15,00;12,00;11,88;14,00;14,63;12,92;13,50;13,00;11,00
2019-2020;S3GL;25251958137;59;M.;BUREL;Austen;S;C;C2;11,23;8,88;8,00;6,00;10,33;9,00;9,96;9,75;12,45;10,50;13,00;9,25;11,89;15,00;15,00;13,53;13,50;13,33;14,00
2019-2020;S3DS;56229584521;1;M.;MONIN;Bud;S;A;A2;15,75;16,18;16,83;13,50;15,83;16,00;17,33;16,50;15,60;15,00;18,00;17,25;14,10;14,00;16,25;15,19;14,50;14,33;19,00
2019-2020;S3GL;47165510415;24;M.;GALLAIS;Bram;S;C;C1;12,42;12,19;7,67;9,25;12,50;15,40;14,92;12,50;13,02;16,00;13,25;10,75;10,97;15,00;12,13;11,67;10,00;16,00;8,00
2019-2020;S3ALT;22639313660;25;M.;FERRIER;Olivier;S;D;D2;10,30;8,11;7,92;3,75;6,67;10,00;11,00;6,25;11,00;7,00;13,00;9,75;10,79;~;14,75;13,48;12,00;14,05;16,80
2019-2020;S3DS;12448362628;46;Mme;FLAMENT;Becka;ES;A;A2;11,77;9,76;8,00;6,50;9,00;13,00;12,67;6,50;12,91;10,00;14,50;10,75;12,92;15,00;14,88;13,50;14,00;13,00;13,00
2019-2020;S3ALT;55308849204;8;Mme;SYLVESTRE;Jacqueline;S;D;D2;13,49;13,88;12,25;9,00;16,67;14,00;17,33;12,75;11,95;11,00;13,50;10,00;11,11;~;14,00;15,39;14,25;17,25;15,10
2019-2020;S3GL;40786286237;38;M.;BATARD;Channing;S;B;B2;11,98;10,39;8,50;9,25;11,92;11,20;13,04;7,42;12,51;11,83;11,50;9,50;11,58;14,00;15,63;14,08;14,00;15,50;11,50
2019-2020;S3DS;74781655577;5;M.;VIAUD;Briscoe;S;A;A1;13,97;14,18;12,75;9,00;17,67;13,80;17,50;13,38;14,27;10,86;16,00;13,75;15,08;12,00;17,50;12,97;9,50;15,67;18,00
2019-2020;S3DS;82184371370;34;Mme;DOUBLET;Faustine;S;A;A1;12,15;9,77;7,50;4,75;11,17;10,20;13,58;10,13;13,01;13,29;15,50;7,75;12,67;13,00;14,75;15,17;14,00;15,50;18,00
2019-2020;S3GL;32376274835;3;M.;MATHON;Cullen;S;C;C2;15,02;16,02;15,83;10,25;16,67;17,20;19,00;14,50;13,83;11,17;15,75;10,75;16,24;12,00;15,88;15,39;16,00;14,67;15,00
2019-2020;S3ALT;30737214223;14;M.;VILLETTE;Ralph;S;D;D2;13,03;12,99;9,75;9,50;16,50;15,00;14,67;12,25;11,78;8,33;16,50;9,50;10,15;~;15,38;15,31;14,25;16,00;17,10
2019-2020;S3GL;83412234131;37;M.;TEXIER;Ignace;S;C;C1;12,04;11,03;9,67;11,50;8,92;14,60;9,06;12,25;14,19;14,17;12,50;12,75;13,83;17,00;14,75;9,78;7,00;13,33;11,00
2019-2020;S3GL;97834694934;28;Mme;MINET;Christi;S;B;B2;12,31;10,79;8,67;7,50;14,17;9,00;14,33;11,29;12,33;10,33;15,88;7,75;10,91;14,00;15,38;15,31;14,50;14,67;19,00
2019-2020;S3DS;23468555012;54;M.;BECQUET;Darren;S;A;A1;11,47;10,18;7,33;4,50;13,67;10,40;14,08;10,25;12,13;4,50;17,00;9,50;14,03;14,00;15,38;12,75;11,50;16,00;10,00
2019-2020;S3DS;37294076157;22;M.;FUCHS;Oli;S;A;A2;12,46;12,67;8,67;10,75;15,17;13,40;15,92;12,13;12,66;8,00;13,50;10,25;14,14;14,00;16,00;11,61;10,00;14,33;11,00
2019-2020;S3GL;49261443428;78;M.;REGNAULT;Nat;S;C;C2;9,38;6,89;5,17;3,00;5,58;8,80;9,58;7,25;11,08;12,33;8,38;9,75;11,03;12,00;11,75;10,94;8,00;15,33;11,00
2019-2020;S3GL;70175252634;12;M.;TARDIEU;Buck;S;B;B1;13,10;12,94;9,50;11,25;14,00;14,20;16,25;11,67;13,16;13,50;16,50;7,50;13,33;12,00;14,75;13,28;11,00;15,33;16,00
2019-2020;S3ALT;34865641714;26;M.;LAHAYE;Elmer;S;D;D2;10,29;9,53;5,33;6,00;10,67;16,00;9,00;9,00;9,81;8,67;7,50;6,50;9,33;~;14,81;12,64;12,25;12,50;14,10
2019-2020;S3DS;32814436863;9;M.;POISSON;Clinton;S;A;A1;13,53;14,31;14,25;9,00;17,58;12,80;17,08;14,38;12,94;8,67;16,00;11,00;14,92;12,00;15,13;13,14;12,00;15,67;11,50
2019-2020;S3GL;78193939641;20;M.;LE BERRE;Randolph;S;C;C1;12,49;11,40;8,42;14,00;8,83;12,80;14,25;9,25;13,27;9,50;16,13;12,50;12,06;17,00;14,75;13,11;12,50;14,33;12,50
2019-2020;S3GL;84883158734;13;M.;RAOULT;Thurstan;S;B;B2;13,02;11,56;6,67;7,00;16,67;12,00;15,75;11,46;13,42;14,33;15,63;9,50;11,73;14,00;14,88;15,14;14,50;14,67;18,00
2019-2020;S3GL;25641028863;52;M.;MARTIAL;Durward;S;C;C1;11,51;10,15;7,67;10,00;7,33;12,40;13,17;8,50;12,45;8,00;16,00;9,00;11,87;15,00;15,88;12,33;10,00;16,50;11,00
2019-2020;S3GL;43628936695;16;M.;BEAUDOIN;Maxime;S;C;C1;12,73;12,82;12,50;9,25;9,42;14,80;13,83;15,38;12,09;8,83;13,25;10,25;12,76;14,00;13,94;13,83;12,00;16,00;15,00
2019-2020;S3ALT;23851816517;9;M.;LESUEUR;Ramsey;S;D;D2;13,47;14,04;12,00;11,50;16,50;13,00;16,00;16,00;12,82;14,00;14,50;10,00;10,90;~;14,25;13,48;13,25;13,00;15,10
2019-2020;S3ALT;49588175142;27;Mme;FAIVRE;Lexie;S;D;D1;10,10;8,91;4,83;5,00;14,83;9,00;11,33;9,50;10,49;6,67;14,50;8,00;8,44;~;15,44;11,79;6,75;16,25;18,00
2019-2020;S3DS;52738158103;51;Mme;JAN;Kamryn;STI2D;A;A2;11,52;10,03;6,67;6,75;13,50;10,60;13,17;9,25;11,54;6,67;12,00;11,75;13,05;13,00;13,63;14,47;14,00;14,67;15,50
2019-2020;S3ALT;28741419147;21;Mme;ESNAULT;Carlene;S;D;D2;11,44;11,67;8,33;5,50;15,70;15,00;12,00;13,25;10,44;8,67;12,50;8,50;10,70;~;11,88;12,73;11,50;13,25;15,35
2018-2019;S3ALT;59968144726;20;M.;DUMORTIER;Donny;31.0;D;D1;11,68;10,23;7,75;8,50;13,27;12,00;10,58;9,50;12,51;14,00;~;11,00;11,61;11,00;13,75;13,13;10,50;15,55;16,15
2019-2020;S3ALT;67733138442;2;M.;HUCHET;Quintin;S;D;D1;14,83;14,74;10,50;10,25;17,50;17,00;16,83;16,25;14,35;14,67;15,50;13,50;13,16;~;15,06;15,85;14,25;17,75;16,85
2019-2020;S3DS;95627457914;39;M.;PAYEN;Xavier;S;A;A1;11,91;10,64;10,00;4,50;10,17;11,40;13,75;11,88;12,46;10,00;16,00;9,25;13,37;13,00;13,50;13,33;12,00;15,50;13,00
2019-2020;S3DS;54655403650;35;M.;DUBUISSON;Hyram;S;A;A1;12,12;12,95;12,00;9,75;14,83;12,60;16,58;10,38;10,92;6,67;13,00;6,75;11,37;13,00;14,75;12,83;14,00;10,00;15,00
2019-2020;S3DS;81543852719;41;M.;DURIEZ;Vaughn;S;A;A1;11,89;11,72;9,25;10,00;15,17;11,40;13,58;11,50;12,19;8,00;13,00;12,50;12,97;12,00;15,06;11,64;9,50;15,67;10,00
2019-2020;S3ALT;71575741077;16;M.;BORDAS;Modeste;S;D;D1;12,76;13,43;13,00;7,75;16,17;14,00;13,83;15,50;11,90;10,00;16,00;10,25;9,53;~;14,69;12,93;10,00;15,40;16,80
2019-2020;S3GL;88402139920;72;M.;JEGOU;Marlowe;TI2D;C;C2;10,68;7,81;4,67;5,25;5,75;10,40;8,75;11,75;12,12;9,00;13,38;10,50;12,67;13,00;14,38;13,53;11,50;14,33;18,00
2019-2020;S3GL;61109689872;53;M.;CHABERT;Trevelyan;TI2D;B;B2;11,49;11,44;1,50;11,00;13,17;15,40;17,54;9,96;10,68;5,67;13,50;6,75;10,82;15,00;13,63;13,19;11,50;15,33;14,00
2019-2020;S3ALT;66455703887;24;M.;LE BRUN;Henderson;S;D;D1;10,43;9,85;9,33;6,25;14,17;13,00;7,17;9,25;10,60;7,00;13,50;11,00;7,31;~;15,50;11,28;6,75;15,00;17,40
2019-2020;S3GL;98435405757;75;M.;DESBOIS;Jeannot;S;C;C1;10,14;8,77;7,42;7,25;10,17;9,40;8,81;10,00;11,78;9,67;11,75;8,50;13,83;14,00;12,50;9,58;8,50;10,00;12,00
2019-2020;S3ALT;78351315317;5;M.;MAURIN;Lockie;S;D;D2;13,83;15,82;14,08;15,50;18,80;16,00;17,00;13,75;11,97;12,67;15,50;11,25;10,06;~;11,50;13,10;12,75;12,60;15,15
2019-2020;S3GL;63904531666;65;M.;LOCATELLI;Roger;S;B;B1;10,95;9,52;6,67;6,50;10,83;9,80;13,50;8,92;11,31;9,33;12,75;7,75;11,49;13,00;13,38;13,08;11,50;15,00;14,00
2019-2020;S3GL;85259362936;68;M.;LALANDE;Tyrone;S;B;B1;10,92;10,25;7,92;8,50;13,08;11,40;12,46;7,46;10,42;9,33;12,50;7,75;8,37;13,00;12,38;13,25;9,50;16,50;18,00
2018-2019;S3ALT;35845038449;1;M.;LASSERRE;Tylor;S;D;D1;15,94;16,30;16,50;17,50;14,75;17,00;16,83;14,25;14,98;15,50;16,00;11,38;14,65;14,00;16,94;17,13;16,25;17,85;18,35
2019-2020;S3DS;36031070461;57;M.;COLOMBEL;Davin;S;A;A1;11,36;9,80;6,58;6,50;11,00;12,60;12,33;8,38;12,62;6,83;15,50;8,50;15,05;13,00;16,50;11,94;12,00;13,33;9,00
2019-2020;S3ALT;57723617423;6;M.;FOUCHE;Wat;S;D;D2;13,63;14,04;12,42;10,50;17,43;15,00;16,33;11,50;12,43;13,33;10,50;8,00;11,16;~;16,63;14,88;12,75;17,00;17,00
2019-2020;S3GL;87970167548;29;M.;RAMON;Rodolph;S;C;C1;12,31;12,90;10,42;10,00;14,75;15,20;14,50;11,63;12,73;12,83;10,25;11,25;8,78;17,00;16,38;10,28;7,00;13,33;14,00
2017-2018;S3DS;24245487449;4;M.;BLIN;Clinton;S;A;A1;15,15;15,58;15,00;10,00;18,17;16,25;16,00;17,75;14,45;14,00;17,42;12,25;15,01;13,00;14,75;15,67;16,50;14,00;16,50
2017-2018;S3DS;98565076721;45;M.;CARLE;Rudolph;S;A;A2;11,33;9,68;5,38;8,00;8,83;10,50;12,83;12,75;12,44;12,00;16,75;14,50;8,98;13,30;12,00;12,41;12,16;12,00;14,00
2019-2020;S3ALT;55765774440;1;M.;MILON;Alden;S;D;D1;15,35;15,96;14,00;12,00;17,67;15,00;20,00;16,38;15,79;18,00;19,50;12,50;11,10;~;18,00;13,36;12,50;14,33;14,00
2018-2019;S3GL;85467112057;46;M.;JOUBERT;Dawson;TI2D;C;C1;10,50;9,75;8,75;9,75;6,17;11,50;10,42;11,00;9,43;7,00;8,00;7,50;10,08;13,25;10,94;14,13;11,25;16,00;19,00
2017-2018;S3GL;34736676136;6;M.;TOUTAIN;Oz;S;C;C2;14,40;14,60;12,25;11,50;13,67;16,88;17,00;14,75;14,83;17,00;17,00;12,25;10,52;20,00;14,13;13,14;12,61;14,00;13,00
2017-2018;S3GL;56315442242;12;M.;LECHAT;Donatien;TI2D;C;C2;13,88;12,67;7,50;10,50;11,75;15,13;16,75;13,50;14,82;15,00;15,00;12,00;14,26;19,00;14,25;14,42;14,34;15,00;13,50
2017-2018;S3DS;79123188899;58;M.;BOUCARD;Dalton;S;A;A1;10,49;8,32;4,13;11,00;7,83;8,88;11,00;7,75;11,15;7,00;17,34;13,25;10,08;13,50;10,00;13,52;14,04;13,00;13,00
2017-2018;S3GL;31714444250;55;Mme;LE FUR;Chastity;S;C;C1;10,73;9,33;6,50;7,00;5,67;11,75;12,17;11,25;10,95;8,00;9,25;11,50;9,64;13,50;14,38;13,07;12,40;15,50;10,25
2017-2018;S3DS;23444780524;10;Mme;KREMER;Isidora;S;A;A2;13,98;13,80;12,75;8,50;14,83;15,50;15,00;15,00;13,90;11,50;17,50;13,50;13,60;12,30;15,63;14,48;15,14;14,00;13,50
2018-2019;S3DS;84764744006;2;Mme;ALLART;Jocelin;S;A;A2;16,51;17,16;16,10;16,88;18,17;17,00;19,25;15,00;16,47;20,00;18,83;13,75;14,48;14,00;16,63;15,30;15,78;15,00;14,50
2018-2019;S3DS;16778872302;13;M.;AUCLAIR;Quincy;S;A;A1;12,50;10,04;4,00;15,25;8,67;9,20;13,67;11,63;13,80;13,00;13,14;9,50;13,82;14,50;17,13;14,81;13,95;15,00;17,00
2018-2019;S3GL;84068850653;31;M.;LE BERRE;Den;ES;B;B1;11,31;9,77;5,82;8,75;11,47;11,60;10,00;12,28;11,51;7,00;11,25;14,13;11,33;13,00;13,88;13,98;11,95;15,00;18,00
2017-2018;S3GL;44188646219;5;M.;FERRE;Newton;S;C;C2;14,95;15,65;11,88;12,25;16,58;19,13;17,67;15,25;14,69;17,50;17,50;8,50;10,40;19,00;15,63;14,09;13,18;16,50;12,00
2019-2020;S3GL;37437747278;26;M.;LE GAC;Aurelien;S;C;C2;12,37;11,22;8,00;6,00;12,00;13,90;11,83;15,50;13,29;12,00;15,75;12,00;13,15;13,00;14,19;12,83;10,50;16,00;13,50
2017-2018;S3GL;43764613672;2;M.;GRANGER;Bristol;ES;C;C2;15,86;16,27;17,25;14,25;17,50;17,25;15,42;15,25;15,30;16,50;16,50;15,75;12,47;15,00;16,13;16,15;15,81;16,50;16,50
2017-2018;S3DS;67345565768;63;M.;WOLFF;Freeman;S;A;A2;10,24;8,45;3,25;4,75;11,17;13,25;9,25;8,75;11,56;12,00;14,41;8,00;10,16;13,80;11,63;11,19;11,78;10,67;10,50
2017-2018;S3DS;84317827971;38;M.;LAFITTE;Horsa;S;A;A1;11,69;10,35;4,25;6,50;13,83;13,50;13,00;11,25;12,59;8,00;15,50;10,50;12,78;13,00;16,25;12,54;12,07;12,00;15,00
2017-2018;S3GL;40145107425;24;M.;LENORMAND;Denton;S;C;C2;12,60;10,46;5,63;9,25;8,00;14,50;13,75;10,00;13,68;15,00;15,00;12,00;10,01;19,00;13,06;14,72;14,52;15,25;14,25
2017-2018;S3DS;42444562121;9;M.;LE DU;Corbin;S;A;A2;14,00;14,48;15,13;7,75;16,67;14,25;17,00;14,13;13,95;12,50;16,84;12,25;14,63;12,30;15,00;13,12;12,58;14,00;13,00
2017-2018;S3GL;82843547354;19;M.;TUAL;Aimée;S;B;B2;12,98;12,79;13,50;9,75;10,00;14,50;14,50;11,75;12,63;11,00;11,00;11,00;11,63;14,00;16,38;14,08;11,66;15,00;19,50
2018-2019;S3ALT;21315356809;25;Mme;HERAULT;Veronica;S;D;D2;10,53;8,45;4,19;8,00;13,27;5,00;12,67;9,90;11,31;8,50;14,50;9,88;9,60;13,00;13,75;13,14;12,70;12,50;15,75
2017-2018;S3DS;95366442477;14;M.;FERET;Zack;S;A;A2;13,65;13,48;12,25;10,75;14,67;14,00;15,33;13,13;14,31;13,00;17,46;11,75;12,93;13,80;16,94;12,65;12,14;14,00;11,50
2018-2019;S3DS;47848828226;19;M.;JOLLY;Orville;S;A;A2;11,87;9,84;4,89;10,88;6,50;10,20;15,33;10,63;13,34;12,00;14,00;11,00;11,38;14,50;16,94;13,00;10,50;15,00;16,50
2018-2019;S3GL;57694696125;23;M.;MARTEAU;Paul;S;C;C1;11,66;9,76;6,00;7,50;11,00;12,00;12,33;9,00;12,45;10,00;12,88;12,00;11,89;13,25;15,00;13,90;11,13;16,00;18,00
2017-2018;S3GL;88251791457;34;M.;DELPIERRE;Jamar;S;B;B2;11,78;10,66;11,50;9,50;13,67;10,50;10,17;8,50;11,67;8,00;12,75;13,25;10,51;14,00;13,50;14,23;13,38;15,00;15,25
2018-2019;S3GL;77843268801;8;M.;GEORGE;Adolph;S;C;C1;13,48;13,92;12,25;13,00;12,67;14,40;16,58;13,63;13,17;13,00;15,63;9,50;12,63;12,75;14,88;13,20;11,90;14,00;15,50
2017-2018;S3DS;75054755756;1;M.;MAUDET;Dan;S;A;A1;15,99;17,12;18,13;13,00;20,00;16,63;18,17;15,75;14,34;13,00;17,50;9,75;15,35;13,00;16,31;17,06;17,29;15,50;19,50
2017-2018;S3GL;36237241074;62;M.;VALENTIN;Edison;S;C;C1;10,38;9,18;6,00;10,75;5,67;12,00;9,17;11,75;10,96;4,00;15,50;9,50;10,29;14,00;14,94;11,63;11,04;11,33;14,00
2018-2019;S3DS;69857527185;28;M.;RENOU;Wilburn;S;A;A2;11,44;11,27;8,08;8,50;12,50;9,00;16,25;13,63;10,76;5,00;11,11;8,50;11,51;14,50;14,69;13,13;12,93;15,00;10,00
2019-2020;S3GL;73944436357;80;M.;VUILLEMIN;Nimbus;S;B;B2;5,07;0,00;0,00;0,00;0,00;0,00;0,00;0,00;7,19;5,33;6,50;3,00;7,34;14,00;7,75;10,94;6,50;15,33;15,50
2019-2020;S3GL;21697493614;14;M.;RENOUX;Denton;TI2D;C;C2;12,99;13,06;12,33;6,00;13,75;13,90;17,42;12,00;13,28;11,00;14,63;11,00;13,14;15,00;15,25;12,28;11,00;15,33;10,00
2017-2018;S3GL;49704526772;67;M.;CHARLOT;Willy;TI2D;B;B2;9,51;9,00;8,25;7,85;3,67;14,50;9,33;7,00;9,10;2,00;12,00;9,75;9,37;6,50;15,38;11,35;10,76;10,67;14,50
2018-2019;S3ALT;22404367534;6;M.;GUERY;Mitchell;S;D;D2;13,81;13,05;10,82;13,25;12,93;12,00;16,42;12,80;13,83;13,00;14,50;10,13;13,92;13,00;16,88;15,32;12,85;18,25;16,85
2018-2019;S3GL;98761517712;22;M.;BAYLE;Marquis;TI2D;B;B2;11,80;12,52;9,33;13,75;14,13;13,20;13,33;12,50;10,67;10,00;8,88;9,63;8,07;13,75;13,81;12,61;11,35;12,81;16,00
2017-2018;S3DS;86835463028;44;M.;PLESSIS;Louis;TI2D;A;A2;11,35;10,34;5,38;8,75;11,67;14,25;11,17;11,00;11,40;5,50;13,09;9,50;12,18;12,30;16,13;13,26;12,69;14,00;13,50
2018-2019;S3GL;43893868820;34;M.;BOURREAU;Godric;S;B;B2;11,16;10,19;8,39;14,00;9,23;9,00;10,33;12,10;10,78;7,70;13,75;8,75;10,01;13,25;12,56;13,87;12,90;15,00;14,50
2017-2018;S3GL;43893868820;72;M.;BOURREAU;Godric;S;C;C1;7,68;5,78;1,75;5,50;4,00;5,75;9,58;8,25;8,41;3,00;11,75;8,50;7,84;14,00;9,00;10,01;8,97;11,33;10,50
2018-2019;S3DS;47538413512;57;Mme;BONNEAU;Dahlia;S;A;A1;10,00;9,10;6,25;7,75;10,00;9,20;13,67;6,50;9,47;6,00;10,30;7,13;9,84;14,00;10,75;12,86;12,05;15,00;11,00
2017-2018;S3GL;81244540295;64;M.;JOYEUX;Montague;S;B;B2;10,15;9,22;8,25;7,75;10,67;7,50;12,50;8,25;10,53;5,00;16,25;10,75;9,67;14,00;11,25;11,26;12,30;11,33;8,00
2018-2019;S3ALT;45339742812;19;M.;BONIFACE;Cooper;S;D;D1;11,81;10,70;9,00;7,50;13,42;10,00;13,50;10,55;12,39;8,00;14,50;13,13;11,86;12,00;15,81;12,87;13,40;12,90;11,20
2017-2018;S3GL;77768490677;23;M.;RICHE;Anderson;TI2D;C;C2;12,76;12,53;10,75;13,75;10,67;14,13;14,17;10,75;12,26;13,50;13,50;5,75;12,30;15,00;12,50;14,20;12,73;16,00;15,00
2017-2018;S3GL;47131734265;18;M.;COCHET;Emmet;S;B;B1;13,30;14,79;15,63;11,25;15,33;15,50;15,83;13,50;12,30;9,00;17,25;9,00;11,44;13,30;14,88;12,31;13,73;11,33;10,00
2018-2019;S3GL;54665103261;39;M.;PAUMIER;Davy;TI2D;C;C1;10,97;9,80;6,50;8,75;13,00;11,20;12,67;6,00;11,00;10,50;11,00;8,50;8,50;14,25;13,56;13,25;10,83;16,00;15,00
2017-2018;S3GL;44101846664;57;M.;COLLOMB;Branden;S;B;B2;10,50;8,94;7,63;9,50;2,67;8,00;13,17;11,38;11,90;6,00;16,75;10,25;13,35;13,00;13,75;10,83;10,37;10,67;12,50
2019-2020;S3GL;69162013937;79;M.;MORENO;Brant;TI2D;B;B2;8,24;5,66;4,92;1,25;8,25;2,70;9,88;6,67;9,80;2,83;7,63;9,25;11,57;14,00;14,13;10,25;8,50;13,00;10,00
2018-2019;S3DS;93813231917;26;M.;NICOL;Jermaine;S;A;A1;11,52;11,82;9,50;11,00;14,00;9,80;16,00;10,75;10,56;6,00;9,89;10,88;10,01;14,00;13,81;12,83;12,65;15,00;9,00
2017-2018;S3GL;86273800692;15;M.;DELRIEU;Ryley;S;C;C1;13,64;13,82;11,00;12,25;16,67;15,75;16,25;10,00;13,36;13,00;17,50;11,75;10,71;13,50;14,75;13,83;13,66;13,00;16,00
2018-2019;S3ALT;53933393021;21;M.;COUTURE;Nikolas;S;D;D2;11,56;10,26;7,95;9,50;13,75;11,00;10,00;10,55;11,21;6,00;14,50;7,50;11,66;13,00;15,13;14,89;11,95;18,00;17,50
2018-2019;S3ALT;29857547817;23;M.;BELOT;Justin;TI2D;D;D1;10,76;10,91;11,75;11,00;10,00;12,00;10,33;9,45;9,51;3,00;16,00;7,13;7,43;13,00;13,56;12,95;11,53;14,30;14,50
2017-2018;S3DS;90088655332;50;M.;BRUNEL;Algar;S;A;A2;10,95;9,48;1,38;2,25;14,33;11,50;14,50;13,63;11,93;12,00;15,59;8,50;10,07;13,30;12,75;11,96;9,45;13,33;16,75
2018-2019;S3GL;23411344478;25;M.;DUCLOS;Thom;TI2D;B;B2;11,59;10,08;6,58;14,50;4,78;10,40;13,00;11,41;11,97;12,00;10,63;11,63;10,73;13,25;13,44;13,83;12,33;15,00;16,00
2017-2018;S3DS;47157211216;39;M.;MORO;Ritchie;S;A;A1;11,59;12,27;7,38;8,75;15,83;14,75;13,83;13,63;10,99;8,00;12,75;9,00;11,75;13,50;11,88;11,43;11,14;11,33;12,50
2018-2019;S3GL;14857474806;44;M.;BOUCHEZ;Clem;S;B;B2;10,73;12,75;14,00;11,25;16,50;14,40;11,17;8,34;9,35;13,00;6,88;7,63;9,16;13,25;6,06;9,47;7,90;12,81;7,50
2018-2019;S3DS;34145747772;43;M.;LAUDE;Orville;TI2D;A;A1;10,74;11,06;9,00;10,75;12,50;9,80;13,83;10,88;10,33;2,00;8,67;10,75;12,03;14,00;15,50;10,92;9,50;13,00;11,00
2017-2018;S3GL;37430880684;48;M.;CHAMBON;Colombain;TI2D;B;B1;11,13;9,48;7,25;10,25;6,67;9,25;11,33;12,50;11,73;5,00;13,25;10,25;13,35;13,30;15,88;13,24;11,82;15,50;13,00
2017-2018;S3GL;76224510639;26;M.;PROUST;Mark;S;B;B2;12,49;11,77;12,38;9,25;15,00;9,75;13,50;10,50;12,12;4,00;12,00;14,50;14,97;13,00;15,50;14,69;13,38;15,00;18,00
2018-2019;S3ALT;11176720602;12;M.;GEOFFROY;Terance;S;D;D2;12,66;12,45;10,69;13,50;10,06;12,00;14,00;14,90;11,78;6,50;15,50;9,13;12,71;12,00;15,38;14,85;13,80;15,45;16,80
2019-2020;S3GL;65840347425;27;M.;PERON;Leon;STI;C;C1;12,33;11,25;11,17;9,00;10,00;11,10;13,67;11,13;12,70;-c-;-c-;-c-;-c-;-c-;-c-;13,73;11,66;15,33;16,75
2018-2019;S3GL;65840347425;38;M.;PERON;Leon;STI;C;C1;10,99;8,64;5,25;0,00;10,00;11,10;13,67;9,13;12,70;~;9,25;~;12,08;12,75;15,38;13,39;12,65;12,81;16,75
2018-2019;S3ALT;63598760921;16;M.;MAYER;Roosevelt;TI2D;D;D2;12,19;10,63;9,32;8,75;10,64;10,00;13,83;10,40;12,67;10,50;16,00;10,25;12,52;13,00;14,25;14,35;12,70;15,60;16,80
2018-2019;S3GL;53672722186;61;M.;DECLERCQ;Gabriel;S;B;B2;8,83;9,07;7,14;11,00;10,27;7,60;12,67;5,59;8,12;0,20;5,50;6,88;8,61;13,75;14,50;9,76;7,08;12,81;11,75
2017-2018;S3GL;26322316987;47;M.;DOUBLET;Bart;TI2D;C;C1;11,17;11,31;10,13;10,50;11,00;11,25;14,83;8,63;10,72;7,00;13,00;9,75;10,10;13,50;12,63;11,77;12,14;11,33;11,50
2017-2018;S3GL;83357538195;49;M.;MINIER;Godfrey;S;B;B2;11,07;9,57;8,13;4,25;9,33;11,00;12,00;11,13;12,01;10,00;14,75;10,00;10,41;14,00;14,00;12,19;10,55;15,50;10,50
2018-2019;S3DS;51154653012;30;M.;HUYGHE;Zach;S;A;A1;11,41;10,52;11,00;7,75;13,33;8,00;13,67;8,63;11,23;6,00;13,41;10,50;11,61;14,00;13,56;13,52;12,38;14,00;16,00
2017-2018;S3DS;75224931232;54;M.;COUDERT;Durward;S;A;A2;10,74;8,42;5,13;5,75;11,00;10,25;9,83;8,63;11,57;5,00;17,19;11,50;11,57;12,30;14,38;13,72;13,78;14,00;13,00
2017-2018;S3GL;35888125358;8;M.;MORILLON;Perceval;S;C;C2;14,04;14,19;9,63;9,50;12,50;17,00;18,25;16,75;13,50;15,50;15,50;8,25;12,25;15,00;13,81;14,80;13,69;16,00;15,75
2017-2018;S3GL;75541247770;25;M.;DEMARET;Farley;S;B;B2;12,52;12,72;13,88;7,50;14,00;12,25;14,67;12,25;12,31;11,50;15,00;7,50;11,91;13,00;14,38;12,57;12,34;11,33;15,75
2018-2019;S3GL;92573729837;45;M.;LAGOUTTE;Reynaud;TI2D;B;B2;10,68;9,93;8,27;14,25;9,68;9,20;12,50;5,54;10,27;12,00;11,38;6,25;8,27;12,25;11,13;13,00;10,68;15,00;16,00
2017-2018;S3GL;38351837113;16;M.;PINOT;Brent;S;C;C2;13,41;12,79;8,00;9,25;13,17;18,25;14,25;12,38;13,75;13,50;13,50;11,25;15,51;17,00;11,94;14,00;13,50;15,00;13,50
2018-2019;S3ALT;60922581683;8;M.;PAYEN;Lester;S;D;D2;13,05;12,50;9,44;12,00;15,27;14,00;12,50;12,85;12,16;12,00;14,50;11,50;12,06;11,00;12,13;15,91;13,65;17,90;18,70
2017-2018;S3GL;73142758354;65;M.;DUCHESNE;Mitchell;S;C;C1;9,96;8,29;5,00;7,50;8,00;10,00;9,50;10,00;10,64;6,50;10,25;11,25;9,41;14,00;13,88;11,92;10,59;13,00;13,75
2017-2018;S3GL;21795317234;20;M.;BILLOT;Trenton;S;B;B2;12,93;12,97;10,88;10,25;14,33;15,75;14,00;11,50;12,94;12,00;17,25;9,25;10,43;12,00;16,56;12,82;12,87;10,67;17,00
2018-2019;S3GL;21792544370;18;M.;CONTE;François;S;B;B1;12,05;12,70;14,63;8,75;12,47;11,00;14,17;14,09;11,81;11,00;12,75;11,75;10,05;12,50;13,44;11,24;11,28;12,81;8,00
2017-2018;S3GL;76173016554;46;M.;THUILLIER;Robert;S;B;B1;11,30;9,05;6,00;10,25;16,33;5,25;12,33;6,50;12,47;11,00;17,50;12,25;9,07;12,80;14,25;13,47;12,94;14,00;14,00
2018-2019;S3ALT;77621121162;13;M.;MINET;Micheal;S;D;D1;12,47;13,37;13,00;10,25;16,00;13,00;14,17;13,80;10,93;3,00;15,00;9,38;12,02;13,00;15,00;13,77;11,30;16,25;16,20
2018-2019;S3DS;61567881857;21;M.;LANGEVIN;Nic;TI2D;A;A2;11,82;11,33;7,43;9,00;10,67;12,00;16,50;11,13;12,08;6,50;15,31;13,25;11,50;13,00;15,06;12,28;12,68;12,33;11,00
2018-2019;S3GL;69898236662;33;M.;HERBIN;Laz;S;C;C1;11,21;10,98;8,88;8,00;11,00;13,50;14,00;8,25;11,18;5,50;15,38;10,00;8,98;15,25;14,81;11,71;12,43;12,00;9,00
2018-2019;S3ALT;22461935577;2;Mme;DANEL;Brandie;TI2D;D;D1;14,53;14,72;14,88;12,25;15,58;17,00;14,92;11,95;13,82;11,00;15,00;11,50;13,06;17,00;16,19;15,56;12,38;18,50;19,25
2019-2020;S3GL;60777144539;25;M.;AUFFRET;Seymour;S;B;B1;12,38;12,20;6,83;10,50;16,00;13,00;15,50;12,25;11,93;9,17;15,00;9,50;10,33;12,00;15,88;13,61;13,00;15,33;12,00
2018-2019;S3DS;35282300332;4;M.;LARTIGUE;Joey;S;A;A1;14,79;16,57;18,88;15,50;17,00;14,80;16,67;16,13;13,81;14,00;19,10;11,88;13,23;14,00;12,06;13,20;14,18;12,33;12,00
2018-2019;S3GL;37660261334;20;M.;BURGER;Paise;S;B;B1;11,84;11,99;12,82;8,25;12,20;14,00;12,83;9,42;11,72;8,50;12,75;11,00;10,68;12,50;15,31;11,75;12,18;13,00;8,00
2019-2020;S3GL;55509550236;6;Mme;BROUSSE;Josepha;S;B;B2;13,95;13,28;11,17;10,75;14,67;13,00;16,21;13,50;13,73;11,83;16,00;12,75;13,96;15,00;13,88;15,75;17,50;13,00;16,00
2018-2019;S3ALT;29667176746;9;M.;LAFONT;Matt;S;D;D1;13,04;12,17;12,50;12,00;11,67;10,00;15,00;11,20;12,58;6,00;14,50;12,63;12,73;15,00;16,38;15,72;13,60;17,50;18,50
2018-2019;S3ALT;15187632644;14;M.;PHILIBERT;Gwilherm;S;D;D1;12,37;11,13;9,25;13,50;11,12;10,00;12,83;10,95;12,33;9,00;14,50;9,25;14,33;11,00;15,00;14,95;14,18;15,30;16,60
2018-2019;S3GL;33436351348;42;M.;LANGLET;Jasper;S;C;C1;10,77;9,53;4,88;8,75;6,33;9,10;14,00;14,50;11,12;7,00;12,00;6,38;11,07;13,25;16,31;12,55;10,78;16,00;11,00
2018-2019;S3GL;25327695818;15;M.;HEINRICH;Morty;S;C;C1;12,25;11,46;10,50;12,50;8,33;10,80;13,33;13,13;12,37;11,00;16,50;9,13;10,17;13,25;14,88;13,57;11,30;16,00;15,50
2018-2019;S3DS;21176367214;41;M.;BARAT;Larrie;S;A;A2;10,86;10,42;10,15;5,00;11,28;12,00;12,50;9,35;10,98;6,00;12,87;12,25;6,66;14,00;16,56;11,50;8,68;12,00;19,00
2018-2019;S3GL;67027948358;52;M.;CARRIER;Lanford;S;B;B1;10,25;8,47;3,13;8,25;10,13;8,20;14,17;6,92;11,17;8,00;8,63;9,13;11,03;13,00;16,13;11,98;10,30;14,00;13,00
2018-2019;S3ALT;31802136623;18;M.;FERRE;Joël;S;D;D2;11,98;10,52;7,82;14,00;11,33;9,00;13,00;9,10;11,61;10,00;15,00;9,13;12,74;14,00;10,13;15,62;13,63;17,15;18,55
2018-2019;S3GL;57836713864;58;Mme;BOSC;Lorainne;S;C;C1;9,85;7,36;2,88;10,25;4,33;10,00;11,25;4,13;11,72;7,00;11,75;9,63;11,10;15,25;16,19;11,08;11,50;12,00;8,00
2018-2019;S3DS;24168527372;51;M.;KEMPF;Hyram;S;A;A2;10,37;8,54;4,57;7,50;6,00;10,80;12,42;8,50;10,88;4,50;13,54;6,63;11,22;13,00;16,63;13,01;11,80;12,33;18,00
2018-2019;S3DS;63481810054;53;M.;MOUSSET;Denzel;S;A;A1;10,21;10,96;9,25;11,50;14,67;7,80;12,50;12,25;9,46;5,00;9,08;11,63;11,36;14,00;8,25;10,20;9,08;13,00;8,00
2018-2019;S3GL;91637925502;56;M.;COLLOT;Gavin;S;B;B2;10,02;8,53;7,27;10,00;7,45;8,60;9,83;7,95;10,10;10,50;11,25;7,75;8,54;12,25;10,69;12,83;11,00;16,00;12,00
2019-2020;S3GL;78638626734;77;M.;DESHAYES;Ralph;TI2D;C;C2;9,85;7,52;3,33;7,75;6,25;9,20;10,58;7,63;11,31;9,83;8,50;10,25;10,45;15,00;13,75;11,61;8,00;15,33;15,00
2018-2019;S3ALT;71676414574;22;M.;SAMSON;Newton;S;D;D1;11,49;9,82;10,50;11,75;8,75;6,00;12,83;9,20;11,67;12,00;16,00;9,25;12,01;14,00;8,44;14,46;12,25;16,05;17,90
2018-2019;S3GL;81300455334;17;M.;JACQUEMIN;Hall;S;C;C1;12,13;11,16;8,50;9,50;13,00;11,80;13,42;10,63;11,66;10,00;12,75;10,50;8,46;14,25;15,00;14,98;13,30;16,00;18,00
2018-2019;S3DS;52790316834;54;M.;DAVY;Dwight;S;A;A2;10,19;9,15;6,69;10,75;9,00;11,00;11,25;5,25;10,33;4,50;10,70;6,13;11,95;14,00;14,63;11,98;11,95;15,00;6,00
2018-2019;S3GL;35274888531;11;M.;LANGEVIN;Bryce;S;B;B1;12,57;11,79;11,33;12,75;13,40;8,80;13,83;11,61;13,69;12,00;15,00;13,50;12,90;13,00;15,94;11,88;11,88;12,33;11,00
2018-2019;S3DS;33341816262;48;M.;JAOUEN;Eldred;S;A;A2;10,47;9,35;7,19;9,63;8,17;9,60;12,25;8,63;10,29;4,20;15,58;6,38;9,40;13,00;14,81;13,05;12,05;12,33;17,50
2018-2019;S3ALT;30667634357;11;M.;MASSE;Emerson;S;D;D1;12,88;13,97;12,75;14,25;11,83;17,00;13,50;13,60;10,98;5,00;16,00;9,25;12,23;13,00;12,50;14,51;11,98;17,00;17,15
2018-2019;S3GL;58572482110;59;M.;ROLLAND;Sly;S;B;B2;9,78;8,49;6,58;10,75;12,28;10,80;7,17;4,00;10,49;12,00;9,25;6,38;9,50;12,25;12,13;10,92;9,63;12,33;12,00
2018-2019;S3GL;44846262143;14;M.;JAMES;Everard;S;B;B2;12,31;11,34;10,57;14,75;7,60;10,80;12,33;12,18;11,85;12,50;13,75;8,75;10,51;13,25;12,44;15,19;14,55;15,00;17,50
2018-2019;S3ALT;30946397853;4;M.;MUNOZ;Melvin;S;D;D2;14,05;12,87;12,13;16,75;11,56;12,00;13,00;12,80;13,65;9,00;14,50;14,38;14,26;15,00;15,94;17,21;15,23;19,50;18,60
2018-2019;S3GL;57491352221;37;M.;PIGEON;Lancelot;S;B;B1;10,99;9,26;7,75;10,00;8,53;10,00;11,50;6,79;11,63;6,00;13,25;11,25;11,63;12,50;16,00;13,19;12,65;12,33;16,50
2018-2019;S3DS;46878312335;27;M.;JEGOU;Gerard;S;A;A1;11,46;11,03;9,25;12,50;11,00;8,40;13,33;13,13;11,31;12,00;9,89;11,13;9,93;14,00;11,38;12,62;12,90;15,00;7,00
2018-2019;S3GL;88364273434;9;M.;JOURDAN;Hilaire;S;B;B1;13,11;14,19;17,50;10,25;15,33;14,60;13,50;11,92;12,87;13,50;15,88;12,63;10,55;12,50;13,13;11,42;10,75;13,00;10,25
2018-2019;S3GL;75878118518;7;M.;THOMASSIN;Greg;S;B;B1;13,48;13,58;16,19;14,25;10,53;12,20;16,83;8,46;13,02;10,00;14,75;14,13;11,92;13,00;15,44;14,22;14,23;12,33;18,00
2018-2019;S3GL;88115371078;5;Mme;BRET;Monna;S;B;B2;13,90;12,89;10,42;18,25;12,50;10,80;15,00;11,99;14,78;9,00;17,13;18,25;14,95;13,25;17,81;14,16;13,33;15,00;15,00
2018-2019;S3ALT;63533881383;5;Mme;LAGOUTTE;Corinne;S;D;D1;14,01;14,23;14,00;13,50;12,90;14,00;16,92;12,55;14,43;12,00;15,00;13,88;13,48;16,00;16,88;12,73;11,10;14,00;15,05
2018-2019;S3GL;74333420861;50;M.;SCHAEFFER;Joshua;S;B;B1;10,44;9,41;5,63;11,00;10,13;8,80;11,67;10,63;10,41;6,20;9,75;7,13;11,01;13,00;14,81;12,59;11,95;12,33;15,00
2019-2020;S3GL;27259283259;49;Mme;AUGIER;Zephyrine;S;B;B1;11,62;10,10;6,00;10,50;12,00;8,40;14,25;10,58;11,77;12,60;14,75;7,25;9,79;14,00;12,50;14,33;16,00;13,00;12,00
2019-2020;S3DS;73784114712;66;M.;VALLON;Ludovic;S;A;A2;10,93;10,03;7,67;5,00;12,50;12,00;12,60;9,00;11,01;7,33;11,00;10,50;11,81;13,00;13,00;12,56;10,00;14,67;16,00
2018-2019;S3GL;64871311027;60;Mme;BORDE;Eldreda;S;C;C1;9,70;6,49;2,88;7,25;3,67;8,80;10,25;4,50;11,56;5,50;13,00;9,88;10,92;15,25;16,19;12,40;11,80;12,00;15,00
2019-2020;S3GL;87854625845;10;M.;VITRY;Adolphe;SSI;C;C2;13,35;11,48;9,83;8,25;15,17;13,50;9,79;13,25;15,67;18,00;17,75;12,00;13,37;15,00;17,00;12,44;11,00;13,33;15,00
2018-2019;S3GL;63784043998;24;Mme;AYMARD;Marguerite;S;B;B2;11,66;10,20;7,44;14,00;7,38;10,20;13,00;9,13;12,16;6,50;14,13;14,50;10,99;13,25;15,75;13,58;11,50;15,00;17,00
2018-2019;S3ALT;57424434124;10;M.;POMMIER;Cyrus;S;D;D1;13,01;13,32;14,00;10,75;15,28;14,00;12,33;13,30;11,71;8,50;14,50;8,63;10,39;14,00;15,06;15,01;13,60;16,40;16,45
2018-2019;S3GL;57650110124;6;M.;BRICE;Waylon;S;B;B1;13,61;14,43;16,24;12,25;14,93;15,20;13,67;13,04;12,82;10,50;13,63;11,88;11,38;13,00;16,56;13,54;10,75;15,00;19,00
2017-2018;S3GL;62189421359;56;M.;BUREL;Fred;TI2D;B;B1;10,66;10,55;6,38;10,75;10,00;12,25;11,00;14,25;10,59;3,00;14,75;12,00;9,61;13,30;14,19;11,02;11,37;12,00;8,00
2017-2018;S3GL;41697287477;22;M.;RONDEAU;Merv;S;C;C2;12,82;12,11;6,25;9,50;12,50;17,50;14,00;12,00;12,91;16,00;16,00;7,00;10,48;13,00;13,88;14,07;12,98;15,25;15,00
2018-2019;S3GL;45562953277;29;M.;CHANUT;Lance;S;B;B2;11,42;11,15;10,94;15,25;6,56;13,40;11,00;8,49;11,30;7,50;12,25;11,25;10,26;13,25;14,44;12,19;11,05;15,00;10,00
2019-2020;S3DS;42659181448;44;M.;RAMOS;Cal;S;A;A1;11,81;10,34;7,00;5,50;11,33;12,00;14,58;9,88;12,36;8,33;17,50;11,75;13,28;14,00;11,75;13,67;14,00;13,00;14,00
2018-2019;S3GL;64241436464;47;M.;BOUILLON;Léonard;S;B;B2;10,48;9,52;6,95;11,00;10,50;10,00;12,17;6,13;10,82;10,00;10,25;5,63;9,74;13,75;14,44;11,69;10,68;12,81;12,50
2018-2019;S3ALT;70760472825;17;Mme;GUIOT;Ninon;S;D;D1;11,99;11,31;8,00;14,25;11,92;10,00;14,00;10,95;11,63;8,00;15,00;13,13;11,97;10,00;13,00;14,05;12,00;15,50;17,30
2018-2019;S3DS;21667811665;3;M.;COCHARD;Nicolas;S;A;A1;15,22;16,49;16,00;16,75;18,00;16,00;17,17;15,25;14,08;8,00;16,25;14,00;15,60;14,50;17,13;14,96;14,25;16,00;15,00
2019-2020;S3GL;51581472352;42;M.;PHILIPPE;Reginald;S;B;B1;11,83;11,17;6,33;8,25;12,00;12,20;16,67;10,46;12,06;11,67;16,00;6,75;9,74;12,00;15,63;12,69;13,00;15,33;6,50
2018-2019;S3GL;87248877814;55;M.;BONIN;Xerxes;TI2D;B;B1;10,05;8,87;7,48;11,50;5,53;6,20;13,33;8,88;10,24;10,00;12,38;6,88;8,24;13,00;11,56;12,04;12,20;12,33;11,00
2018-2019;S3GL;71427922767;32;M.;AUFFRET;Herb;TI2D;B;B1;11,22;10,93;9,26;8,25;14,88;10,40;13,67;8,80;11,00;4,50;12,75;10,75;11,38;13,00;15,00;12,22;11,55;12,33;14,00
2018-2019;S3GL;34483555293;16;M.;BRAUD;Cordell;TI2D;B;B1;12,23;13,41;12,88;10,25;11,73;14,60;15,83;13,16;11,00;9,00;11,13;7,25;11,22;12,50;14,06;12,31;11,95;13,00;12,00
2019-2020;S3ALT;66344642983;13;M.;BARTH;Celestine;TI2D;D;D2;13,07;13,26;8,50;8,50;16,33;15,00;18,67;11,00;11,19;10,00;11,00;8,75;9,92;~;15,25;15,98;14,25;17,50;18,15
2017-2018;S3GL;38477849511;11;M.;LECUYER;Wilson;S;C;C2;13,96;12,07;9,88;8,50;11,42;16,00;14,17;9,88;15,61;16,50;16,50;12,25;15,72;17,00;15,25;14,47;13,27;15,75;15,50
2019-2020;S3ALT;56861978936;20;M.;GRANGER;Elwyn;S;D;D1;11,53;11,79;11,33;9,75;14,17;15,00;9,00;11,50;10,96;6,00;14,00;10,00;11,34;~;14,31;12,00;12,00;12,00;12,00
2017-2018;S3GL;36782531426;36;M.;LESCURE;York;S;B;B2;11,72;9,59;7,88;12,50;5,67;9,00;11,67;11,00;12,39;6,00;13,00;14,25;12,80;12,00;17,13;14,61;12,56;15,00;20,00
2017-2018;S3GL;47313758461;7;M.;DESLANDES;Faron;S;C;C2;14,23;12,97;7,50;12,00;15,67;14,13;16,58;12,38;14,77;17,00;17,00;12,25;10,11;20,00;14,25;15,70;14,14;17,50;16,75
2018-2019;S3GL;59633335593;64;M.;LOYER;Norris;S;;;2,91;0,00;0,00;0,00;~;0,00;~;0,00;0,00;0,00;~;0,00;0,00;~;~;11,36;-c-;-c-;-c-
2017-2018;S3DS;59633335593;66;M.;LOYER;Norris;S;A;A1;9,65;9,32;4,75;4,75;9,92;10,13;13,33;12,88;9,13;7,00;16,25;6,25;5,83;12,50;10,00;11,36;10,56;15,00;6,50
2017-2018;S3DS;86543667537;61;Mme;CLAVIER;Mireille;S;A;A2;10,40;7,81;3,75;7,00;6,50;11,50;9,33;8,00;12,02;8,00;17,80;11,00;9,51;13,80;14,63;12,35;11,87;14,00;10,50
2017-2018;S3DS;46657388683;60;M.;BONIFACE;Kenelm;S;A;A2;10,48;7,24;3,88;4,00;5,33;8,75;10,67;9,75;12,78;9,00;15,50;15,75;10,37;13,30;15,25;12,39;11,44;13,00;14,00
2017-2018;S3GL;28715928655;68;M.;FORT;Arden;S;C;C1;9,27;6,83;2,25;8,75;6,00;7,00;9,42;8,75;10,51;11,00;12,00;8,50;6,45;14,00;12,31;11,69;11,49;11,33;13,00
2018-2019;S3GL;77568638318;35;M.;GAUVIN;Lenny;TI2D;C;C1;11,08;12,89;13,00;9,50;16,33;11,10;14,75;12,50;9,52;7,50;10,50;5,38;9,61;14,25;10,50;10,61;10,50;11,33;9,50
2017-2018;S3GL;77568638318;71;M.;GAUVIN;Lenny;TI2D;B;B2;7,73;5,70;5,13;4,25;7,00;3,00;7,17;8,88;8,34;5,50;10,00;7,50;7,94;13,00;8,31;10,58;10,44;11,33;9,50
2017-2018;S3GL;44152416733;29;M.;FLOCH;Cyrus;TI2D;B;B1;12,12;12,86;12,13;10,25;12,00;12,00;14,50;16,25;10,84;5,00;15,13;10,75;9,82;12,80;14,00;13,18;12,03;14,00;15,00
2017-2018;S3GL;26730381373;43;M.;MORAND;Yorick;TI2D;C;C2;11,38;9,89;8,00;10,50;9,00;13,00;9,83;8,25;11,28;12,50;12,50;10,00;6,77;13,00;13,56;14,55;13,51;15,25;16,25
2017-2018;S3GL;24169747510;30;M.;COSSON;Crawford;S;C;C1;12,10;11,77;7,75;8,50;10,67;13,25;15,75;13,75;11,83;10,00;12,25;12,25;9,98;13,50;14,00;13,27;12,21;14,00;15,00
2018-2019;S3ALT;43424067273;15;M.;GUITTON;Mason;S;D;D2;12,28;10,97;9,38;11,00;14,50;10,00;11,83;10,25;12,84;12,00;14,50;11,25;12,27;11,00;15,31;13,78;11,80;15,50;16,30
2017-2018;S3GL;89482619424;17;M.;AUCLAIR;Sanford;S;C;C2;13,40;12,66;10,00;12,75;11,92;16,63;13,33;10,00;13,56;16,00;16,00;10,00;10,22;15,00;14,25;14,59;13,84;15,00;16,00
2017-2018;S3GL;55859631188;41;Mme;DESHAYES;Donatienne;S;C;C2;11,56;7,83;1,13;6,00;5,00;13,63;11,00;8,75;13,49;13,50;13,50;10,75;11,18;15,00;16,50;15,15;14,29;15,25;17,50
2017-2018;S3GL;59569821006;35;M.;HENRIOT;Roch;S;B;B2;11,76;10,23;7,88;11,50;7,67;11,00;12,00;11,25;12,26;10,50;8,75;12,25;12,61;14,00;14,75;13,79;11,75;15,00;17,50
2019-2020;S3GL;25871176283;74;M.;MONIER;Cleveland;S;C;C1;10,37;10,38;7,50;6,75;12,25;10,60;12,98;12,25;10,11;6,50;13,63;5,75;10,75;14,00;11,25;10,86;8,50;14,33;11,00
2017-2018;S3DS;18949308387;3;M.;CAZENAVE;Constant;S;A;A1;15,64;16,89;~;~;17,67;17,50;17,33;14,38;14,43;16,50;17,69;14,50;15,28;12,50;10,69;16,52;17,20;15,50;~
2017-2018;S3GL;34534167451;33;M.;NICOL;Horsa;TI2D;C;C2;11,82;10,55;6,50;9,00;12,33;15,38;11,00;8,25;12,26;13,50;13,50;9,50;10,70;15,00;11,88;13,46;11,76;14,25;17,00
2018-2019;S3ALT;41846064486;7;Mme;GUILLAUD;Adeline;S;D;D2;13,16;13,34;8,82;14,50;14,52;16,00;14,50;12,15;12,20;8,00;14,50;9,75;13,18;15,00;13,81;14,72;14,60;14,10;16,30
2018-2019;S3GL;77165305782;36;M.;MURAT;Porter;S;B;B1;11,01;8,83;4,82;9,75;8,40;8,60;12,50;9,28;11,86;9,00;13,25;10,13;11,58;12,50;14,81;13,68;13,03;16,00;11,00
2018-2019;S3DS;36446174920;12;M.;MACE;Raphaël;S;A;A1;12,54;11,98;9,00;15,25;13,33;9,60;13,50;13,75;13,03;11,50;12,06;12,88;13,22;14,50;14,19;12,66;12,33;13,00;13,00
2018-2019;S3ALT;63532178472;3;M.;LAVILLE;Jermaine;S;D;D2;14,32;15,86;13,00;16,00;17,50;18,00;16,17;14,80;12,27;6,50;16,00;11,25;14,66;12,00;14,19;15,34;13,88;16,20;18,00
2018-2019;S3DS;41950017433;1;M.;NOWAK;Abner;S;A;A2;16,98;17,68;18,97;16,88;18,33;16,80;17,33;17,75;16,82;19,50;19,92;15,75;14,22;14,50;16,94;15,88;15,75;16,00;16,00
2018-2019;S3ALT;42234921052;24;M.;GODIN;Sheldon;TI2D;D;D2;10,53;8,63;4,07;9,50;10,92;10,00;9,00;10,15;10,52;4,00;15,00;7,50;10,55;13,00;14,63;14,39;13,08;15,45;16,20
2018-2019;S3GL;47511525604;62;M.;AUFFRET;Howard;31.0;;;7,02;0,00;0,00;0,00;~;0,00;~;0,00;11,81;-c-;-c-;-c-;-c-;-c-;-c-;12,03;-c-;-c-;-c-
2017-2018;S3DS;47511525604;51;M.;AUFFRET;Howard;31.0;A;A2;10,93;9,49;3,38;8,25;8,00;15,25;11,50;9,50;11,81;12,50;14,58;10,25;7,79;13,30;13,50;12,03;11,05;14,00;11,00
2019-2020;S3GL;41164803627;69;Mme;GABORIT;Eveleen;ST2S;B;B2;10,87;9,45;5,83;10,50;11,17;10,60;10,71;8,67;10,68;7,50;10,75;10,75;12,26;15,00;9,63;14,08;11,50;15,50;19,00
2019-2020;S3DS;30284447243;18;M.;BIGOT;Cyril;S;A;A2;12,69;12,41;9,83;7,75;15,67;14,00;15,67;10,00;13,19;12,33;18,00;12,50;11,33;15,00;12,38;12,25;12,50;13,00;10,00
2019-2020;S3GL;55352248071;31;M.;MIGNOT;Morton;S;C;C2;12,27;12,75;11,00;5,25;15,17;13,70;16,08;13,63;12,80;10,50;13,38;12,25;13,70;15,00;12,88;10,25;7,00;13,00;14,50
2019-2020;S3GL;62268433886;15;M.;GEORGET;David;S;C;C1;12,87;11,90;11,00;10,75;11,25;12,20;14,25;10,75;13,46;8,17;16,75;12,75;12,15;17,00;16,38;13,65;12,50;14,33;15,75
2019-2020;S3ALT;43306816013;17;M.;PELE;Grant;S;D;D2;12,08;10,70;8,17;8,00;15,83;8,00;12,67;13,75;12,33;9,50;16,00;11,75;10,33;~;15,31;14,40;12,75;16,00;16,15
2019-2020;S3GL;24314225826;61;M.;RENAUDIN;Dennis;TI2D;C;C2;11,01;9,70;5,83;6,75;10,00;12,10;12,38;10,38;11,57;8,33;13,63;9,50;11,15;13,00;14,38;12,50;10,50;16,00;11,50
2019-2020;S3GL;46661124247;64;M.;LEGENDRE;Giffard;S;B;B1;10,95;10,12;5,17;10,75;12,00;12,20;12,67;8,17;11,45;10,67;12,50;7,00;11,24;15,00;12,38;11,61;9,50;13,33;14,50
2019-2020;S3GL;54253344875;19;M.;MARZIN;Greig;S;C;C1;12,59;13,69;12,83;9,25;14,67;13,60;15,79;15,25;12,73;14,67;15,75;6,25;11,49;15,00;12,75;10,11;7,00;15,33;9,00
2019-2020;S3GL;58750474372;30;M.;CHAZAL;Hewie;S;C;C2;12,29;10,66;6,83;8,50;8,00;14,20;14,29;9,88;13,40;9,83;14,00;14,00;13,99;13,00;15,88;13,36;11,50;14,33;17,00
2019-2020;S3ALT;44250874878;7;M.;CAUSSE;David;S;D;D2;13,57;14,00;13,33;10,00;14,33;14,00;17,33;13,25;12,59;10,00;16,50;12,00;12,55;~;13,25;14,39;13,50;15,00;15,85
2019-2020;S3DS;49224438753;55;M.;ROUTIER;Ferdy;S;A;A2;11,41;10,47;9,33;5,50;15,33;10,20;14,00;7,00;11,29;9,00;14,00;8,00;12,67;13,00;11,50;13,56;14,00;14,67;10,00
2019-2020;S3ALT;82834312803;3;Mme;GENET;Naomi;S;D;D1;14,78;14,48;14,67;9,50;17,83;15,00;16,83;11,00;14,92;14,33;15,00;12,75;14,44;~;17,25;15,16;14,25;15,25;17,70
2017-2018;S3DS;46122880460;28;M.;THIBAULT;Benedict;S;A;A1;12,16;11,95;8,63;9,50;9,08;16,00;14,17;12,38;12,19;7,50;19,00;10,00;9,89;13,50;15,63;12,52;13,88;12,00;9,50
