annee_univ;no_semestre;code_nip;rg;civilite;nom;prenom;bac;groupe_td_1a;groupe_tp_1a;moy;ue11;m1101;m1102;m1103;m1104;m1105;m1106;ue12;m1201;m1202;m1203;m1204;m1205;m1206;m1207
2016-2017;S1;67770176792;19;Mme;ROSE;Berniece;S;H;H1;13,17;14,03;14,16;15,52;12,25;12,61;16,75;12,00;12,04;13,81;4,00;11,67;11,67;12,83;17,13;16,00
2017-2018;S1;64216574076;26;M.;DELAPORTE;Constant;S;H;H2;13,34;12,05;12,59;13,11;10,30;8,33;12,75;18,75;15,02;14,25;13,20;14,75;17,42;15,93;12,00;17,75
2018-2019;S1;87552137748;33;M.;TOUZE;Bret;S;F2;F;12,53;12,51;9,64;12,07;16,70;12,92;11,81;13,50;12,56;13,20;9,89;13,00;15,50;12,50;10,58;11,38
2016-2017;S1;76697174432;59;M.;BROCHARD;Leopold;S;G;G1;10,49;10,31;9,31;11,48;12,90;5,00;14,21;11,50;10,72;8,65;12,00;7,33;9,00;13,73;13,50;12,50
2017-2018;S1;61114227341;66;M.;BLOCH;Kolby;S;H;H1;11,67;11,29;11,51;12,86;11,10;6,15;14,54;14,00;12,16;10,25;9,47;13,67;14,33;13,20;11,88;13,00
2016-2017;S1;61114227341;93;M.;BLOCH;Kolby;S;H;H2;7,42;6,77;6,53;5,79;3,00;5,50;9,67;14,00;8,26;7,46;7,00;9,67;4,50;11,17;10,38;11,13
2017-2018;S1;80535414991;53;M.;FAYE;Kimball;S;I;I2;12,03;11,75;10,95;13,42;12,80;8,98;12,63;13,00;12,39;12,75;11,87;9,83;12,50;14,53;11,56;13,00
2018-2019;S1;37831736356;84;M.;MARTINI;Ern;S;J1;J;11,04;10,34;8,30;9,95;8,65;11,24;12,25;13,50;11,96;10,20;7,14;11,83;12,50;14,75;16,50;12,50
2018-2019;S1;83288036334;57;M.;ROBLIN;Sly;S;H1;H;11,68;12,06;11,22;13,36;14,45;9,00;10,94;16,00;11,18;13,30;8,35;12,08;10,50;12,00;8,67;14,00
2018-2019;S1;86203391792;28;M.;BEAUFILS;Jeannot;S;I1;I;12,76;13,45;11,71;13,55;14,30;13,33;15,31;13,00;11,85;14,10;7,53;9,67;12,50;13,50;9,67;16,50
2018-2019;S1;25728166586;72;M.;MURAT;Irvine;S;F2;F;11,37;11,92;9,32;12,86;11,85;12,08;13,44;13,00;10,66;11,10;11,91;8,67;6,50;10,50;17,00;11,25
2018-2019;S1;71117967934;48;M.;NICOL;Wilfrid;S;I1;I;12,04;12,03;10,64;11,71;11,60;13,11;13,38;12,00;12,04;11,85;7,97;11,33;12,00;14,00;15,50;12,75
2018-2019;S1;77605128570;10;M.;LEDRU;Cleve;S;J1;J;14,35;13,82;9,71;13,93;14,80;15,52;13,56;18,00;15,05;18,60;12,43;12,17;13,50;16,00;17,67;13,75
2018-2019;S1;51216060265;6;M.;PORTIER;Kennith;S;J1;J;14,67;15,90;13,48;15,43;17,35;18,10;14,75;17,00;13,07;16,60;8,58;10,00;11,25;13,50;17,00;15,63
2018-2019;S1;22333454636;112;M.;LEBRET;Jerome;S;F2;F;9,27;8,47;5,71;10,67;7,85;6,75;9,56;13,00;10,32;13,35;7,80;9,00;8,75;11,00;10,67;11,75
2018-2019;S1;99133428437;2;M.;PRUVOT;Marshal;S;F1;F;16,29;16,63;17,18;16,25;16,60;17,25;15,94;16,00;15,85;18,15;13,58;13,33;17,00;15,00;17,33;15,00
2018-2019;S1;87730674868;100;Mme;BRIQUET;Kay;S;I2;I;9,90;8,42;7,28;10,36;8,75;3,67;10,88;13,00;11,84;13,95;12,24;7,17;10,25;13,00;11,75;14,50
2018-2019;S1;65084993745;26;M.;JARDIN;Benson;S;I2;I;12,93;13,24;10,36;13,29;11,80;14,50;14,63;17,00;12,52;13,20;12,95;9,50;12,75;11,50;13,50;14,50
2018-2019;S1;55784499165;65;M.;MONNOT;Jarvis;S;F2;F;11,58;10,10;5,96;11,64;9,30;9,92;13,06;13,00;13,52;11,60;11,30;12,83;16,25;16,00;12,17;14,00
2018-2019;S1;57050988362;63;M.;JOSSE;Maverick;S;H1;H;11,63;11,38;9,12;12,79;11,35;10,90;13,19;11,50;11,95;12,60;9,24;10,50;11,50;14,00;11,25;16,00
2018-2019;S1;82766591305;66;M.;BORDIER;Innocent;S;G2;G;11,57;10,64;8,24;10,68;9,40;13,19;11,69;10,50;12,78;13,20;8,40;13,08;14,25;13,00;13,75;14,50
2018-2019;S1;58276644284;17;Mme;LEGAY;Beatrix;S;F1;F;13,55;13,32;10,69;14,21;15,75;12,17;14,50;14,00;13,86;16,20;10,42;14,17;14,25;12,50;15,50;13,75
2018-2019;S1;21412482737;51;M.;FOURNET;Kenith;S;G2;G;11,91;12,42;10,94;12,77;11,60;14,52;13,00;10,50;11,25;13,15;6,32;11,00;9,75;12,00;12,67;16,88
2018-2019;S1;43482847611;56;M.;GRANIER;Dominic;21.0;J1;J;11,68;12,26;11,45;13,04;11,75;13,05;10,94;13,50;10,93;15,50;6,80;11,17;8,50;14,00;10,17;8,50
2018-2019;S1;69765619643;88;M.;MOISAN;Burt;S;J1;J;10,92;10,39;9,45;11,29;10,65;8,38;11,13;13,50;11,62;14,50;10,34;12,00;9,50;12,75;10,58;11,00
2018-2019;S1;83892567693;21;M.;CHAIX;Forest;S;I2;I;13,09;13,38;11,60;13,93;14,25;14,17;13,38;13,00;12,70;13,80;10,97;9,50;12,25;14,25;14,50;13,50
2016-2017;S1;17756424195;20;M.;GIRARDOT;Bryce;S;F;F2;12,98;11,78;12,14;11,07;9,15;11,72;12,46;16,00;14,55;16,51;13,50;15,58;11,17;13,50;18,25;15,25
2016-2017;S1;63307674613;10;M.;MAGNIER;Benton;S;G;G1;14,06;13,84;11,70;13,27;15,30;14,44;16,71;11,50;14,35;12,27;18,00;15,67;11,42;16,43;13,75;14,38
2016-2017;S1;77387628584;29;M.;DELMOTTE;Lon;S;F;F1;12,40;13,32;11,56;13,91;16,80;12,22;13,50;12,50;11,20;13,17;14,00;7,33;10,00;11,60;11,50;8,25
2016-2017;S1;40587850116;56;Mme;CAPRON;Delicia;S;F;F1;10,70;10,43;10,05;9,36;7,15;10,78;13,13;14,00;11,05;10,63;8,00;9,50;10,67;12,93;13,50;14,00
2016-2017;S1;26163193653;52;M.;ZIMMER;Alden;S;I;I1;10,83;8,50;8,16;6,61;4,25;10,00;9,42;15,75;13,87;14,93;13,50;10,83;15,50;13,33;13,13;14,63
2016-2017;S1;25055635469;44;M.;LATOUR;Barnabé;S;G;G2;11,35;11,77;10,07;14,52;11,95;9,17;11,21;16,00;10,80;12,56;8,50;7,50;9,17;14,07;11,50;12,50
2016-2017;S1;95783618253;68;M.;CAPITAINE;Évariste;TI2D;F;F2;9,85;9,69;9,66;8,46;9,90;7,11;11,83;14,75;10,06;14,13;11,50;7,25;5,83;9,90;8,88;13,88
2016-2017;S1;75476768301;32;M.;DUFRESNE;Bert;TI2D;H;H1;12,02;13,35;11,73;15,27;14,05;11,28;15,96;12,00;10,29;14,44;1,00;11,50;8,83;12,10;10,88;15,75
2016-2017;S1;23043520781;39;M.;CARETTE;Jarod;TI2D;G;G2;11,62;12,33;8,77;15,04;13,60;12,78;13,04;10,00;10,69;12,56;5,50;9,33;9,08;12,77;12,25;16,00
2016-2017;S1;65886471128;26;M.;SAGOT;Barnaby;S;F;F2;12,56;11,75;11,45;9,24;10,50;9,67;16,71;17,00;13,63;13,41;14,50;11,00;13,17;16,60;12,00;14,00
2017-2018;S1;83214247769;14;M.;ROCHARD;Odell;S;F;F2;13,93;13,09;12,44;15,47;14,70;9,00;13,33;15,50;15,02;16,50;14,67;12,08;14,17;16,03;15,38;16,00
2016-2017;S1;86762142689;17;M.;CHERON;Wystan;S;F;F2;13,32;13,71;12,76;12,66;18,35;11,06;14,25;16,00;12,80;11,43;12,50;11,08;13,33;13,90;13,75;14,50
2016-2017;S1;62119538676;62;Mme;GUITTON;Zoé;S;H;H1;10,21;9,15;9,92;7,86;5,25;5,67;14,88;15,50;11,60;11,75;3,00;10,33;10,33;15,60;17,38;16,88
2016-2017;S1;46735622425;21;M.;BORDIER;Henry;S;F;F2;12,90;12,11;11,61;12,02;10,20;10,78;13,79;17,00;13,93;13,49;11,50;14,75;15,17;14,50;13,88;14,50
2018-2019;S1;26919816571;38;M.;LHUILLIER;Beauregard;S;H1;H;12,42;13,58;9,76;17,27;14,25;13,29;14,75;11,50;10,91;11,60;10,17;7,00;11,00;12,50;11,00;13,00
2017-2018;S1;26919816571;100;M.;LHUILLIER;Beauregard;S;G;G2;9,62;9,15;8,23;9,56;5,65;5,52;12,96;18,25;10,24;11,00;8,80;7,33;9,75;12,03;10,88;12,25
2016-2017;S1;41801493789;4;M.;PROUST;Jeannot;S;I;I1;15,67;16,44;16,57;18,47;18,30;16,67;16,17;8,25;14,65;19,52;10,50;14,00;16,25;9,40;17,50;14,00
2016-2017;S1;48705554612;24;M.;LENOIR;Normand;TI2D;F;F2;12,62;13,29;11,41;14,09;16,00;10,56;15,04;14,75;11,75;13,49;10,00;6,17;9,17;14,73;16,38;12,88
2018-2019;S1;88137100381;104;M.;LAFARGUE;Jay;S;I1;I;9,82;8,79;8,05;7,29;7,90;7,33;12,94;12,00;11,15;8,00;6,63;9,00;13,75;14,00;13,08;16,25
2018-2019;S1;69806859364;95;Mme;CRESPIN;Rhonda;S;F2;F;10,34;9,69;6,49;8,30;6,60;12,33;13,25;13,50;11,17;10,80;10,13;8,33;12,00;13,00;11,08;12,88
2018-2019;S1;43752088263;50;M.;QUINTIN;Urban;S;I2;I;11,96;11,28;8,33;15,11;10,15;9,25;13,00;13,00;12,85;15,10;11,23;10,33;12,75;12,50;14,00;13,50
2018-2019;S1;80272818517;15;M.;FOURCADE;Jamison;S;I2;I;13,66;13,90;11,53;13,82;17,40;14,50;13,50;13,00;13,34;14,00;8,30;12,50;13,75;13,00;18,50;15,00
2018-2019;S1;31564542817;78;M.;GUESDON;Lloyd;S;H2;H;11,22;11,04;9,32;11,50;12,90;11,24;10,69;11,00;11,45;11,20;12,17;11,00;10,00;13,00;9,83;14,25
2018-2019;S1;21081554352;45;M.;FLORES;Xerxes;S;G2;G;12,08;11,35;10,71;12,44;10,15;12,52;11,06;10,00;13,03;14,30;11,02;11,75;12,50;14,50;14,17;12,50
2018-2019;S1;28115114148;98;M.;COLOMBEL;Durward;S;I2;I;10,12;8,75;5,61;10,36;5,95;6,17;12,38;17,00;11,91;10,95;11,84;8,67;14,25;11,00;12,08;15,00
2018-2019;S1;41808189449;55;M.;PHILIP;Branden;TI2D;H2;H;11,74;11,87;9,58;13,31;10,70;12,88;13,31;11,00;11,58;12,90;9,10;12,17;11,00;12,00;11,42;13,25
2018-2019;S1;71616113372;30;M.;ORY;Delroy;S;I1;I;12,57;13,13;8,80;15,79;9,80;11,56;18,69;17,00;11,84;10,70;9,61;10,17;11,50;12,50;14,67;17,00
2018-2019;S1;27356664926;74;M.;MARY;Antony;S;H1;H;11,34;11,27;7,24;12,47;10,90;12,33;13,38;12,50;11,43;9,15;9,31;10,50;10,75;15,50;11,33;16,50
2018-2019;S1;56863476441;71;M.;BOURY;Jonathon;TI2D;F2;F;11,39;12,59;9,15;13,54;13,35;13,08;14,38;13,00;9,83;9,80;10,17;7,83;9,00;8,50;13,50;11,50
2018-2019;S1;58522389314;20;M.;LECAT;Lorin;S;G2;G;13,19;13,33;12,72;15,70;10,65;13,43;14,19;12,00;13,01;13,70;9,42;12,50;12,00;13,50;18,17;13,00
2018-2019;S1;82662212710;85;M.;FAGES;Cole;S;G2;G;11,04;10,42;10,19;11,29;8,75;8,95;12,88;11,00;11,86;10,70;10,76;11,33;13,00;13,00;10,92;14,00
2018-2019;S1;37700977726;32;M.;ROUILLE;Tybalt;S;I2;I;12,56;13,72;11,54;14,71;14,75;12,25;14,44;17,00;11,04;9,10;11,69;8,83;10,25;11,50;12,67;16,50
2018-2019;S1;71541754786;44;M.;FAUCHER;Benjy;S;F2;F;12,09;12,04;11,26;11,61;11,40;12,92;11,94;14,00;12,16;12,60;9,16;10,83;15,25;11,50;12,33;12,38
2018-2019;S1;53641287755;90;M.;FOURRE;Hector;S;F1;F;10,80;9,85;6,78;11,09;7,20;10,17;12,75;13,00;12,03;13,55;6,97;12,17;9,25;15,00;16,00;13,25
2018-2019;S1;46752018586;12;M.;ROSSIGNOL;Milo;S;I1;I;13,97;13,68;13,59;13,50;15,60;13,00;14,13;12,00;14,34;16,90;12,26;14,67;16,00;13,50;11,58;13,25
2018-2019;S1;34572562393;60;M.;MOINE;Dudley;S;H2;H;11,65;12,01;10,30;13,36;14,95;11,95;10,25;11,00;11,17;12,60;8,81;8,67;10,75;12,00;13,00;12,75
2018-2019;S1;50613382477;86;M.;BAUD;Arden;S;H1;H;11,00;10,55;8,12;12,00;11,80;7,43;14,50;11,50;11,59;10,00;6,19;9,42;13,25;13,50;16,00;15,00
2018-2019;S1;37845525863;94;Mme;AVRIL;Erica;ES;H2;H;10,34;9,23;8,02;12,57;4,95;7,57;12,38;10,00;11,79;11,85;8,88;10,17;11,75;14,50;12,67;13,25
2018-2019;S1;88963243766;29;Mme;BOURG;Christine;S;H2;H;12,58;13,53;10,07;14,88;16,25;14,33;12,94;13,00;11,34;13,05;8,45;8,58;9,25;14,50;11,92;15,00
2018-2019;S1;25217255841;103;M.;VERGNES;Chuck;S;I2;I;9,84;8,89;6,67;11,24;8,50;7,50;9,75;11,00;11,08;14,50;9,08;8,17;9,00;11,75;11,58;14,00
2018-2019;S1;48676862325;11;M.;LAVILLE;Flip;S;J1;J;14,12;14,29;11,04;15,07;15,85;12,86;15,94;18,00;13,91;15,50;9,10;10,50;15,50;15,00;16,25;15,00
2018-2019;S1;28476752855;77;Mme;PERON;Joan;S;F1;F;11,23;10,32;7,53;11,48;10,00;10,75;10,69;13,00;12,42;13,70;13,21;12,00;10,50;13,00;11,50;13,25
2018-2019;S1;77443626216;3;M.;CARTON;Kodey;S;H2;H;15,92;17,15;15,71;17,21;16,45;18,62;16,88;18,50;14,31;19,70;12,24;12,42;11,25;13,00;15,92;15,63
2018-2019;S1;91315361287;24;M.;TANGUY;Philip;S;H1;H;13,02;13,16;9,81;12,18;15,40;13,36;15,00;16,00;12,85;13,05;9,93;13,83;13,50;14,50;11,67;13,50
2018-2019;S1;86323852768;76;M.;SIMONET;Jarrett;S;F1;F;11,25;10,26;9,60;9,93;9,90;9,83;10,38;14,00;12,53;12,10;11,28;14,33;9,00;15,00;15,25;13,25
2018-2019;S1;19123731423;59;Mme;MONFORT;Angie;S;G1;G;11,65;10,57;7,83;11,39;12,00;9,67;11,63;13,00;13,06;13,40;11,05;12,33;12,25;16,00;11,58;15,63
2018-2019;S1;26108320222;53;M.;RAYMOND;Gwilherm;S;H2;H;11,89;12,95;10,32;14,71;12,75;15,52;12,50;10,00;10,50;11,50;7,18;7,92;9,50;10,50;16,00;12,75
2018-2019;S1;88239968801;31;M.;LACOMBE;Pancras;S;H2;H;12,57;12,86;12,03;14,25;13,95;11,36;14,81;10,00;12,18;14,30;10,67;10,83;10,50;11,00;15,67;13,25
2018-2019;S1;59766742483;106;M.;ABADIE;Lowell;S;F2;F;9,56;8,54;6,77;8,11;8,25;7,25;10,44;14,00;10,89;10,80;9,06;9,17;10,75;13,00;11,00;13,38
2018-2019;S1;16623496577;34;M.;TEYSSIER;Leroy;S;I1;I;12,51;12,46;10,54;15,93;10,55;13,28;11,94;11,00;12,57;15,60;9,69;11,50;12,50;13,00;13,83;9,75
2018-2019;S1;72673714081;93;M.;ROUSSET;Arron;S;H2;H;10,61;10,17;8,55;9,89;7,40;11,86;11,56;13,00;11,18;10,55;8,02;12,25;11,25;11,00;13,25;14,50
2018-2019;S1;12232460105;25;M.;VERNAY;Brack;S;J1;J;12,96;14,02;13,56;15,06;14,40;13,57;13,75;13,50;11,58;15,30;9,48;11,00;7,25;12,00;15,17;12,00
2018-2019;S1;86266687737;58;M.;PICHOT;Kory;S;G1;G;11,67;11,13;10,11;13,00;8,20;9,50;12,56;15,50;12,36;12,85;6,78;13,58;13,25;14,00;11,33;16,50
2018-2019;S1;97924469448;49;M.;DUTHEIL;Maynard;S;G1;G;11,97;12,11;8,81;13,43;15,55;10,50;13,19;13,00;11,79;13,35;8,56;11,08;8,00;16,00;12,33;15,63
2018-2019;S1;28468747713;46;M.;OLLIER;Bentley;S;G1;G;12,07;11,45;9,35;13,32;10,30;9,50;13,19;15,50;12,90;13,95;8,76;12,42;10,50;15,00;15,92;16,50
2018-2019;S1;61761204192;101;M.;THIBAUD;Royle;S;H1;H;9,90;10,28;8,92;10,66;12,00;8,24;12,06;11,50;9,40;8,55;6,95;9,17;9,25;11,50;10,00;12,00
2018-2019;S1;58209448594;13;M.;LOCATELLI;Porter;S;F1;F;13,76;14,06;12,33;14,18;14,20;16,33;13,06;14,00;13,36;12,10;10,71;12,67;14,50;13,50;17,00;14,25
2018-2019;S1;81230882446;75;Mme;LELIEVRE;Estelle;S;J1;J;11,30;10,76;8,41;9,86;12,05;10,45;11,75;15,25;12,01;12,90;9,24;9,00;11,00;13,75;13,58;16,50
2018-2019;S1;32681181980;114;Mme;ARNOLD;Sébastienne;STI2D;G2;G;8,89;8,03;7,64;~;2,60;7,24;12,75;12,00;10,17;~;7,77;~;9,25;12,00;7,92;17,00
2018-2019;S1;96333372436;39;Mme;POTIN;Dorthy;S;F1;F;12,39;12,53;8,51;12,61;14,75;15,50;11,38;13,00;12,21;13,35;5,76;13,83;14,25;13,00;11,50;14,25
2017-2018;S1;76325203779;38;M.;CHANUT;Trent;31.0;I;I1;12,69;11,65;10,72;9,64;14,15;12,20;9,88;16,00;14,05;15,50;15,60;9,50;15,67;13,67;10,13;16,75
2018-2019;S1;56190531766;7;M.;MENAGER;Anson;S;G1;G;14,66;14,30;13,07;15,11;15,00;15,33;13,81;12,50;15,12;19,05;12,80;14,50;15,75;13,50;12,92;15,88
2018-2019;S1;37304121773;83;M.;CASSAGNE;Corie;S;F1;F;11,05;9,98;7,44;10,29;7,20;12,33;10,81;13,00;12,45;12,35;11,67;12,17;11,75;13,00;13,50;13,75
2018-2019;S1;25386684211;43;M.;BERTHELOT;Zacharie;S;F2;F;12,18;12,49;8,96;16,32;12,65;10,67;13,56;14,00;11,77;13,50;7,05;10,17;13,75;12,50;12,25;12,13
2018-2019;S1;38044125562;61;M.;BIANCHI;Jake;S;J1;J;11,65;11,46;10,87;10,75;10,40;8,95;13,94;18,00;11,89;11,10;9,07;10,67;11,25;15,00;13,67;14,00
2018-2019;S1;48612625372;5;M.;MORICE;Shaun;S;I1;I;14,74;15,73;14,51;16,14;14,30;15,50;17,88;17,00;13,44;16,30;13,79;10,33;10,25;13,00;15,83;15,50
2018-2019;S1;93511802254;99;M.;PRUNIER;Donat;TI2D;J1;J;10,05;9,04;6,20;8,86;6,15;8,81;12,75;15,25;11,38;10,10;6,39;8,00;12,50;16,00;13,25;14,75
2018-2019;S1;55647943178;41;M.;CASSAGNE;Jonathon;TI2D;I2;I;12,19;13,35;9,53;14,96;17,10;12,50;15,31;11,00;10,66;10,10;7,10;9,50;11,50;12,00;11,08;15,50
2018-2019;S1;46696716818;52;M.;VERRIER;Chet;S;H2;H;11,89;12,14;10,86;14,88;14,90;9,05;12,38;11,00;11,57;13,20;8,82;11,17;10,75;11,50;12,58;14,25
2018-2019;S1;23977475712;89;M.;LE MEUR;Humphry;S;H1;H;10,81;10,08;7,92;12,79;12,60;6,43;10,44;12,50;11,77;12,75;11,43;10,50;8,50;12,00;14,83;15,00
2018-2019;S1;88501648777;16;M.;LEGRAS;Moses;S;F2;F;13,65;15,48;14,38;17,21;16,40;16,92;13,13;13,00;11,26;13,25;12,07;13,17;7,25;11,00;11,33;12,25
2018-2019;S1;98896626407;87;M.;CARLE;Jere;S;H1;H;10,98;11,10;9,13;11,68;10,00;10,24;12,44;16,00;10,82;12,45;8,30;11,08;7,75;13,00;11,92;13,00
2018-2019;S1;13265212385;91;M.;LAMARQUE;Toussaint;S;G2;G;10,76;10,98;10,18;11,82;11,20;8,57;14,06;11,00;10,47;11,65;7,56;8,08;10,00;10,50;12,17;15,50
2017-2018;S1;41878462972;3;M.;JEZEQUEL;Dawson;S;I;I2;17,00;16,77;16,59;17,25;18,70;15,83;14,67;18,50;17,30;19,00;18,80;12,33;18,25;16,70;16,50;17,50
2018-2019;S1;42568162498;69;M.;BESSET;Denis;S;F1;F;11,54;10,50;9,86;9,33;7,80;12,33;11,69;13,00;12,90;13,65;8,52;12,17;12,25;15,50;15,58;13,25
2018-2019;S1;12724213604;8;M.;BERANGER;Gil;S;G1;G;14,47;14,93;11,72;17,44;15,85;14,67;15,00;15,50;13,88;15,65;8,67;13,08;14,25;14,00;14,67;18,75
2018-2019;S1;41292302328;62;M.;PERROT;Edmund;S;H1;H;11,63;11,78;12,34;11,96;8,70;10,14;13,56;16,00;11,45;9,25;8,15;11,17;10,25;16,00;15,00;12,50
2016-2017;S1;48182287094;5;M.;NICOLAS;Matthieu;S;H;H2;15,44;16,80;15,90;16,36;19,15;16,44;16,13;18,00;13,66;16,35;8,00;12,83;13,17;16,27;12,88;16,75
2016-2017;S1;35051448250;30;M.;LAFOSSE;Brent;S;I;I1;12,32;11,61;12,92;9,74;7,40;12,83;12,38;15,75;13,25;17,43;16,00;8,00;11,00;11,90;13,50;13,13
2018-2019;S1;55514115254;1;M.;DUCHESNE;Thaddeus;S;I2;I;16,32;16,59;13,93;18,64;17,75;18,00;16,44;13,00;15,97;19,70;15,02;9,00;17,75;13,00;19,00;16,00
2017-2018;S1;79671261384;70;M.;OUVRARD;Deangelo;TI2D;G;G1;11,58;11,45;10,55;13,75;7,05;7,50;15,79;17,50;11,74;11,00;4,27;12,67;14,58;13,30;11,88;16,75
2016-2017;S1;79671261384;67;M.;OUVRARD;Deangelo;TI2D;G;G2;9,88;9,04;7,84;8,39;8,25;6,17;12,29;16,00;10,98;9,98;10,00;9,33;12,58;11,40;10,38;14,00
2016-2017;S1;52688648537;8;M.;GUILLOUX;Clayton;S;H;H2;15,16;16,91;16,38;18,11;18,75;16,11;17,00;14,00;12,87;19,21;14,00;9,67;6,67;13,17;14,25;12,38
2016-2017;S1;77239293645;25;M.;COMPAIN;Wymond;TI2D;F;F2;12,58;12,04;11,48;12,00;9,50;12,94;13,58;13,00;13,28;13,81;11,50;11,67;14,50;16,50;10,38;12,75
2016-2017;S1;26365411421;50;M.;BARTH;Redd;S;H;H1;10,98;9,05;7,05;10,93;8,20;8,36;9,25;12,00;13,50;15,40;16,00;14,50;10,58;13,73;9,75;14,75
2016-2017;S1;67272041464;64;Mme;KESSLER;Reena;S;F;F2;10,09;9,11;9,86;6,89;7,05;7,17;11,21;17,00;11,38;9,52;13,00;10,00;9,00;14,33;12,25;13,63
2016-2017;S1;60258518771;11;Mme;VIGOUROUX;Annie;S;I;I1;14,04;12,58;14,78;10,27;17,30;10,50;12,50;10,00;15,94;18,89;15,00;12,33;16,08;16,07;16,00;15,13
2017-2018;S1;42765931426;1;Mme;MALET;Lori;S;G;G1;17,81;18,42;19,12;19,00;19,60;18,33;17,33;15,50;17,01;18,50;20,00;15,17;15,92;16,70;15,63;15,50
2017-2018;S1;30436518266;31;M.;RIGAULT;Lanford;S;G;G2;13,00;10,66;9,09;11,41;9,00;7,88;14,17;16,00;16,05;15,25;16,40;14,00;16,42;17,37;17,13;15,25
2017-2018;S1;57065736414;48;M.;CLAVIER;Gervase;ES;G;G2;12,38;10,93;10,13;9,38;14,25;9,27;11,54;13,75;14,28;15,00;8,40;11,83;18,00;15,33;14,25;16,50
2016-2017;S1;27447132664;6;M.;FOURRE;James;S;G;G2;15,21;15,51;14,07;17,79;18,95;16,00;12,04;12,50;14,82;18,57;19,00;9,00;10,17;15,57;15,25;15,25
2018-2019;S1;67132968682;54;M.;RICHE;Rudy;S;H2;H;11,76;11,39;9,91;12,57;8,70;14,14;11,50;10,00;12,24;13,80;12,30;12,92;10,00;12,00;11,58;14,25
2016-2017;S1;25857563025;3;M.;PICHARD;Elric;ES;G;G1;15,88;15,94;14,55;18,30;18,65;16,33;13,67;12,00;15,81;18,57;15,50;14,17;13,08;18,40;14,38;15,75
2016-2017;S1;31542518167;46;M.;BIANCHI;Jon;S;H;H2;11,26;10,96;11,59;9,82;13,25;9,31;14,08;7,00;11,66;15,71;13,00;9,50;8,33;11,50;11,38;11,13
2016-2017;S1;40519298746;23;M.;VENET;Al;S;I;I2;12,63;14,43;13,17;14,32;17,10;15,08;13,63;13,00;10,27;13,08;7,00;5,83;9,50;9,50;14,00;14,38
2016-2017;S1;12388757575;45;M.;COSSON;Edwyn;S;F;F2;11,35;10,90;10,66;10,13;6,95;11,00;14,83;13,00;11,94;10,79;11,00;10,67;10,83;15,27;12,25;14,25
2016-2017;S1;16241638875;12;M.;GAULTIER;Winton;S;I;I2;14,02;13,98;12,46;15,97;16,55;11,67;14,00;14,00;14,07;18,15;14,00;8,08;14,50;12,23;15,38;13,63
2016-2017;S1;82860724863;16;M.;MAZOYER;Stanford;S;F;F1;13,36;13,54;12,92;15,11;14,40;12,00;14,13;12,50;13,12;14,60;14,50;10,08;12,50;13,33;13,88;11,25
2017-2018;S1;82794565328;15;Mme;SMITH;Lally;S;I;I1;13,87;13,58;10,39;14,55;11,35;14,58;15,13;17,50;14,26;14,25;13,87;12,17;16,00;15,13;12,00;15,50
2016-2017;S1;82794565328;57;Mme;SMITH;Lally;S;I;I2;10,67;9,67;6,78;9,89;9,50;10,08;13,83;8,25;11,99;13,65;5,50;8,33;14,58;13,93;12,50;15,13
2016-2017;S1;64543128834;9;M.;GUITARD;Jérémie;S;F;F1;14,59;14,43;14,37;14,43;15,50;14,22;14,00;14,00;14,80;15,24;17,00;10,92;14,33;14,90;16,50;13,50
2017-2018;S1;92883381631;49;M.;DELATTRE;Alban;S;H;H2;12,35;11,61;13,07;13,43;12,85;4,90;14,33;13,00;13,32;12,50;16,40;12,33;11,75;11,87;17,00;12,00
2017-2018;S1;57314678533;24;M.;PARISOT;Zachary;S;H;H1;13,37;13,13;14,69;13,43;15,10;7,92;15,33;14,00;13,69;12,25;14,53;12,83;14,00;14,20;14,50;13,88
2016-2017;S1;57314678533;80;M.;PARISOT;Zachary;S;H;H1;9,18;7,97;9,55;4,75;6,70;6,39;12,54;10,00;10,76;13,81;8,00;6,83;9,58;11,83;12,13;13,25
2016-2017;S1;50521093519;53;M.;BEGUIN;Clément;S;G;G2;10,82;10,49;7,48;11,82;12,80;9,75;10,38;12,50;11,25;13,05;7,00;8,00;11,50;14,40;11,25;13,25
2017-2018;S1;50813751546;27;M.;LE ROY;Joël;S;H;H2;13,31;13,04;11,25;12,67;11,50;12,88;14,42;18,75;13,66;17,00;14,00;12,42;12,33;12,80;12,00;14,00
2016-2017;S1;32491195731;1;M.;KREMER;Timothée;S;H;H2;17,37;18,46;18,19;19,07;18,95;17,33;19,33;18,00;15,95;19,68;18,00;14,67;14,00;13,50;14,13;17,00
2016-2017;S1;34298719357;41;M.;KUHN;Gladwyn;S;F;F2;11,50;10,37;10,02;9,84;9,35;8,61;12,46;14,75;12,98;13,73;10,00;9,67;13,83;15,57;15,25;11,38
2017-2018;S1;32753657877;72;M.;BAILLON;Perry;S;H;H2;11,46;11,39;12,22;12,00;10,40;7,13;15,33;13,00;11,55;14,00;12,00;9,00;8,92;11,03;16,13;9,13
2018-2019;S1;73274541445;82;M.;MAISONNEUVE;Egbert;S;F2;F;11,08;13,06;7,23;15,54;15,50;14,42;13,44;13,00;8,48;4,00;9,01;7,67;7,50;11,00;10,67;14,00
2018-2019;S1;25466822195;19;M.;PAULET;Montgomery;TI2D;G2;G;13,41;14,08;11,90;16,01;12,40;16,76;13,56;12,00;12,54;15,70;8,64;13,50;11,50;13,00;12,92;12,13
2017-2018;S1;25466822195;99;M.;PAULET;Montgomery;TI2D;I;I2;9,91;9,17;4,70;11,35;11,95;4,97;12,29;14,50;10,87;13,75;11,33;8,92;10,33;8,03;12,69;10,00
2016-2017;S1;18782492717;47;M.;GILLARD;Gervaise;TI2D;I;I2;11,24;12,33;9,73;15,51;14,15;8,00;15,33;13,00;9,82;9,82;5,50;5,50;6,92;12,90;16,25;16,38
2017-2018;S1;12143873181;17;M.;MARCEL;Gore;S;I;I1;13,83;12,94;8,80;15,41;11,70;11,03;15,58;19,00;14,98;18,00;16,40;11,00;12,00;16,37;15,13;15,00
2017-2018;S1;16089226106;65;M.;LE GUERN;Kole;TI2D;G;G1;11,70;11,57;12,76;11,89;9,30;10,93;12,38;12,00;11,86;14,25;13,73;7,83;10,25;11,47;12,00;12,75
2016-2017;S1;41334987643;78;M.;CLOAREC;Lovell;TI2D;H;H1;9,41;9,01;8,92;9,27;5,30;7,00;11,42;15,50;9,94;8,10;4,00;8,17;11,42;9,60;16,25;16,63
2016-2017;S1;79396838189;65;M.;MOURET;Lalo;S;G;G2;10,09;9,02;7,70;10,21;6,70;7,89;8,92;16,00;11,50;14,54;12,00;8,50;10,33;10,67;11,13;12,50
2017-2018;S1;53232672826;82;Mme;BOURY;Kristia;S;F;F2;10,84;10,27;10,01;9,96;10,25;8,57;10,01;16,00;11,58;12,75;8,93;7,42;12,17;13,72;11,38;14,75
2016-2017;S1;53232672826;88;Mme;BOURY;Kristia;S;I;I1;8,12;6,81;6,85;5,32;4,55;5,50;11,00;10,00;9,83;10,25;6,00;6,83;10,58;12,00;9,88;14,63
2016-2017;S1;78757944780;55;M.;LALLEMENT;Gil;S;G;G2;10,76;10,10;10,48;11,37;10,40;7,47;11,25;10,00;11,63;14,76;10,00;8,17;10,00;14,23;10,38;13,00
2017-2018;S1;84972421774;47;M.;BARBOT;Gene;S;I;I1;12,38;12,56;11,72;14,57;11,65;10,65;15,13;11,50;12,15;12,00;12,93;12,00;12,75;10,30;12,75;12,50
2016-2017;S1;51782462181;28;M.;PORTIER;Lorne;TI2D;G;G2;12,44;13,50;11,19;13,86;15,80;9,78;17,92;15,50;11,05;12,10;10,00;6,17;10,75;12,43;12,63;13,50
2016-2017;S1;42474188270;13;M.;KERN;Xaviar;S;I;I2;13,87;14,69;12,31;14,86;17,95;14,67;15,75;12,75;12,79;15,99;15,00;9,00;9,67;12,23;13,88;13,38
2017-2018;S1;46694092977;45;M.;MIQUEL;Upton;TI2D;G;G2;12,41;13,28;13,41;15,14;15,15;8,65;14,83;13,75;11,28;11,00;8,13;7,83;13,00;11,80;12,00;17,00
2016-2017;S1;46694092977;71;M.;MIQUEL;Upton;TI2D;G;G2;9,71;9,99;7,75;11,82;8,85;6,47;13,29;15,50;9,34;8,72;8,00;6,00;8,75;11,27;11,50;13,00
2016-2017;S1;59365570698;48;M.;LEVILLAIN;Woodrow;S;I;I1;11,24;10,88;11,52;8,86;9,45;10,67;12,54;14,25;11,70;12,63;11,50;9,50;10,58;12,17;11,38;15,38
2018-2019;S1;92612916813;80;M.;LE BRETON;Ike;TI2D;F2;F;11,16;10,89;9,26;14,43;8,40;7,50;14,19;13,00;11,50;-c-;-c-;-c-;-c-;-c-;-c-;-c-
2017-2018;S1;92612916813;103;M.;LE BRETON;Ike;TI2D;H;H1;9,37;7,74;8,51;7,73;3,95;4,93;10,17;14,75;11,50;9,25;8,00;13,00;12,33;14,30;12,00;13,50
2017-2018;S1;83560958893;28;M.;PRAT;Quin;S;I;I2;13,16;13,25;13,24;12,20;10,90;15,47;13,25;14,50;13,04;13,50;14,80;8,42;13,50;12,53;15,13;12,00
2016-2017;S1;83560958893;81;M.;PRAT;Quin;S;H;H1;9,18;9,11;8,37;6,80;8,40;10,19;9,92;13,50;9,27;12,86;4,00;9,33;5,75;8,60;14,75;12,63
2016-2017;S1;86036429779;37;M.;PASQUET;Dustin;S;H;H2;11,70;12,33;13,38;12,97;11,15;8,25;15,88;14,00;10,88;14,13;6,00;9,83;7,50;12,83;14,38;13,38
2017-2018;S1;88492296575;59;M.;DELALANDE;Wiley;S;G;G2;11,93;10,07;9,16;9,46;6,40;9,52;13,08;16,00;14,36;14,75;14,80;9,50;17,17;15,03;12,50;14,25
2017-2018;S1;61852223799;40;M.;FOUCHE;Randolf;TI2D;G;G1;12,66;13,66;12,84;14,67;15,25;10,60;13,79;17,50;11,34;12,00;6,27;10,50;12,25;13,10;10,75;16,25
2016-2017;S1;61852223799;66;M.;FOUCHE;Randolf;TI2D;G;G1;9,97;8,92;4,80;10,29;10,40;8,67;10,13;11,50;11,33;11,61;13,00;8,83;9,75;11,90;11,00;14,38
2016-2017;S1;42156083853;40;M.;COURT;Kristopher;S;I;I1;11,57;11,73;11,43;10,09;11,55;12,33;12,13;14,50;11,37;12,19;14,00;9,00;8,67;11,33;12,63;12,50
2017-2018;S1;27876171472;84;M.;LE DU;Vincent;TI2D;I;I1;10,77;9,46;7,01;8,27;6,50;9,67;11,54;19,00;12,47;12,75;13,20;10,17;10,83;13,97;12,75;14,50
2016-2017;S1;52765332842;27;M.;NOWAK;Marquis;S;H;H1;12,49;13,74;14,91;12,38;12,35;14,83;14,00;13,50;10,86;12,78;15,00;8,50;7,42;9,23;11,38;12,38
2017-2018;S1;66697227455;46;M.;PIRES;Booker;S;G;G1;12,38;13,97;15,02;13,50;18,40;12,00;12,67;12,00;10,31;11,75;15,60;9,33;7,58;7,53;8,13;13,25
2017-2018;S1;13238837734;75;M.;BAUMANN;Hewie;TI2D;F;F1;11,22;10,79;11,12;10,04;9,90;9,27;13,71;12,00;11,79;15,50;12,40;10,00;8,50;9,97;14,50;11,75
2016-2017;S1;71021135663;42;M.;ROMERO;Maverick;TI2D;F;F1;11,47;10,19;11,61;8,39;8,95;8,50;12,00;14,00;13,16;13,97;9,50;10,75;12,67;15,40;16,38;14,00
2016-2017;S1;54832208577;14;M.;HOAREAU;Bertram;S;G;G1;13,53;13,74;10,89;15,79;15,90;13,33;14,33;12,00;13,26;12,46;15,50;12,50;12,75;12,77;12,50;15,25
2017-2018;S1;46337788873;51;M.;ROUTIER;Louie;S;I;I1;12,26;10,96;9,77;10,98;10,15;9,68;13,33;14,00;13,97;12,75;14,80;11,67;16,08;15,37;11,00;15,25
2017-2018;S1;24401542083;57;M.;TUAL;Charlot;STI;H;H1;11,96;11,79;10,25;12,46;10,45;8,38;16,00;17,00;12,18;11,25;7,20;13,50;13,67;12,53;15,00;13,88
2017-2018;S1;98213263688;67;M.;FERET;Zach;TI2D;I;I1;11,62;11,96;10,87;12,45;9,25;10,78;13,83;17,50;11,18;11,25;7,33;11,00;9,67;14,03;13,25;14,00
2016-2017;S1;98213263688;79;M.;FERET;Zach;TI2D;I;I1;9,35;9,13;7,54;7,54;6,15;7,50;14,88;15,75;9,64;10,21;4,00;6,67;9,92;12,27;11,88;14,63
2017-2018;S1;46458982853;56;M.;METZGER;York;S;H;H1;11,98;12,51;14,70;11,29;13,85;8,63;14,33;14,00;11,29;9,75;11,33;11,83;12,50;9,77;12,25;12,88
2016-2017;S1;76230368587;75;M.;BORDAS;Thelonius;TI2D;G;G2;9,50;9,02;5,88;8,80;8,70;8,06;11,50;15,50;10,14;12,36;7,50;8,50;7,08;11,23;12,63;14,00
2016-2017;S1;24429678732;31;M.;CONTE;Earnest;S;F;F1;12,21;11,63;11,83;10,82;10,45;12,44;11,13;14,00;12,97;14,76;14,00;10,83;11,67;12,90;13,00;13,00
2017-2018;S1;22116458528;52;M.;LECOCQ;Michel;S;H;H2;12,05;11,23;11,84;11,57;10,50;9,73;14,67;8,00;13,12;12,25;15,33;12,42;14,92;10,03;12,88;14,00
2016-2017;S1;22471002503;58;M.;LIMOUSIN;Driskoll;S;H;H1;10,55;9,78;8,59;8,89;7,55;8,19;13,71;15,50;11,55;12,86;4,00;11,00;13,08;12,73;12,50;16,63
2016-2017;S1;42738231565;18;M.;GUITTARD;Morley;S;I;I1;13,25;14,68;15,23;13,55;16,40;14,00;14,08;15,75;11,38;12,16;13,50;7,83;11,75;9,93;11,25;12,63
2016-2017;S1;83795827635;15;M.;BASTIEN;Daniel;S;H;H1;13,48;15,58;15,84;17,09;16,35;14,08;15,67;13,50;10,74;17,62;7,00;6,17;6,75;11,00;13,25;13,63
2017-2018;S1;78771236495;73;M.;AUVRAY;Sylvain;TI2D;G;G1;11,44;11,07;11,24;10,91;9,70;8,80;12,92;15,50;11,93;13,75;14,53;9,33;8,92;12,57;11,13;13,50
2016-2017;S1;44347906626;22;M.;PERNOT;Deemer;S;I;I1;12,86;12,53;12,70;10,63;11,90;13,00;13,92;14,25;13,28;14,92;11,00;12,00;15,42;13,10;10,50;14,88
2017-2018;S1;62068812222;35;M.;LE FLOCH;Pete;S;F;F1;12,75;11,75;12,35;12,87;13,55;5,90;13,79;15,00;14,05;15,75;15,20;14,17;13,25;14,50;11,81;11,75
2016-2017;S1;71512776761;69;M.;RIBES;Diodore;S;G;G2;9,81;8,17;5,76;6,25;10,15;7,31;12,33;10,00;11,96;12,35;10,00;11,67;12,58;12,53;12,38;12,00
2016-2017;S1;65146886779;7;M.;LE LAY;Lockie;S;I;I1;15,18;16,27;15,46;15,61;16,25;18,50;16,29;14,50;13,75;16,43;8,00;12,00;12,25;16,50;17,00;14,50
2017-2018;S1;10739238691;20;M.;KAUFFMANN;Floyd;S;H;H1;13,71;12,99;11,08;11,21;14,75;13,53;13,21;17,00;14,67;18,00;15,20;13,00;13,00;14,13;16,50;10,25
2016-2017;S1;33408388435;49;M.;GIROUX;Denzel;S;I;I2;11,15;10,47;10,21;10,89;6,75;9,92;12,63;14,00;12,04;12,79;7,50;7,33;14,33;13,77;14,00;14,13
2017-2018;S1;95809759750;32;M.;PICHOT;Justin;S;I;I2;12,90;13,47;11,99;15,06;16,25;11,23;14,83;11,50;12,15;14,75;13,20;9,17;9,67;12,70;13,88;10,50
2017-2018;S1;12525760162;29;M.;CHAPUT;Everett;TI2D;F;F2;13,15;12,65;14,29;14,98;11,25;6,98;13,83;17,00;13,79;13,00;14,00;13,58;12,42;14,28;15,88;15,00
2017-2018;S1;58317761538;85;M.;MUGNIER;Nicodème;S;I;I2;10,68;9,55;6,58;11,39;8,60;8,00;11,00;15,00;12,16;12,00;16,00;8,33;9,50;12,93;13,50;13,75
2017-2018;S1;85802419481;10;Mme;MARTINI;Elea;TI2D;G;G2;14,49;15,32;15,77;14,20;18,80;11,90;15,79;18,25;13,40;16,75;9,33;11,67;12,17;14,77;12,63;17,25
2018-2019;S1;87944021064;36;M.;BARRAULT;Leyton;S;I1;I;12,48;13,08;9,86;13,50;13,90;15,11;13,38;13,00;11,70;-c-;-c-;-c-;-c-;-c-;-c-;-c-
2017-2018;S1;87944021064;107;M.;BARRAULT;Leyton;S;I;I2;9,12;7,15;6,74;5,59;1,50;8,27;10,46;13,00;11,70;8,75;14,80;8,08;14,58;10,70;13,13;11,00
2017-2018;S1;75241556779;9;M.;OLLIER;Michel;S;F;F1;14,52;14,89;16,02;15,45;11,60;16,67;13,25;15,00;14,05;16,75;19,33;11,92;11,50;12,53;12,25;12,00
2017-2018;S1;85848558306;54;M.;CHARLIER;Armel;S;G;G1;12,02;11,66;6,95;11,63;14,55;11,83;12,83;15,50;12,50;12,50;17,33;11,50;10,42;10,60;13,38;12,00
2018-2019;S1;27597304673;37;Mme;COTE;Careen;S;H1;H;12,44;11,51;10,02;12,00;11,55;10,26;14,00;12,50;13,66;12,70;9,67;13,92;18,00;15,00;10,08;15,50
2017-2018;S1;66738112248;61;M.;LE BOURHIS;Lorn;S;I;I1;11,82;10,80;10,38;11,41;11,46;8,82;12,21;11,50;13,15;11,25;13,73;11,00;15,42;14,07;11,44;15,00
2017-2018;S1;59641855021;50;M.;DUHAMEL;Nathan;S;F;F2;12,29;10,79;5,97;12,79;10,75;8,78;13,88;17,00;14,25;13,50;17,07;12,08;15,83;13,07;12,38;15,00
2017-2018;S1;23234453527;34;M.;FEVRE;Deon;S;H;H2;12,75;11,42;9,56;11,82;13,80;7,88;13,88;15,00;14,50;13,25;14,80;15,58;14,67;14,90;13,94;15,00
2017-2018;S1;66338875865;30;M.;DUGUE;Amédée;S;H;H1;13,13;11,04;11,21;8,25;9,10;11,77;13,88;14,00;15,86;15,75;18,00;14,83;16,42;16,47;13,00;15,13
2017-2018;S1;26747379287;41;M.;AVENEL;Fabrice;S;I;I1;12,58;11,67;11,23;13,46;11,10;9,98;12,83;11,50;13,77;18,00;13,20;8,00;12,75;13,37;16,00;13,00
2017-2018;S1;66713142142;62;M.;LHUILLIER;Félix;S;I;I2;11,81;10,95;8,49;10,61;12,10;11,63;11,50;13,00;12,94;11,00;15,20;11,50;11,83;15,50;13,00;13,00
2017-2018;S1;34738569217;58;M.;ANGLADE;Mason;S;F;F1;11,95;10,46;10,04;10,46;9,70;7,70;13,21;14,50;13,91;14,25;15,20;15,92;12,17;14,07;11,63;15,00
2017-2018;S1;31772360481;60;Mme;PINON;Joscelin;S;H;H1;11,89;9,71;9,63;7,93;6,65;8,92;13,50;14,75;14,74;13,25;14,00;12,00;15,42;18,43;15,88;13,25
2017-2018;S1;15218558818;81;M.;BREUIL;Everard;S;H;H2;10,84;9,10;8,95;9,57;7,40;5,30;12,75;14,00;13,12;9,75;15,20;12,42;11,67;13,43;17,25;15,25
2017-2018;S1;52720647340;94;M.;RIVET;Marion;S;G;G2;10,19;9,63;6,80;8,13;9,70;10,52;11,92;13,75;10,91;7,75;13,20;10,00;11,58;13,37;7,94;13,50
2017-2018;S1;57415570885;97;M.;TISSERAND;Garey;S;I;I1;10,13;9,25;8,07;7,73;6,50;7,53;13,21;17,50;11,28;12,75;12,80;8,67;11,33;11,40;9,00;11,50
2018-2019;S1;86354943372;96;M.;MARZIN;Linton;TI2D;F1;F;10,30;9,18;8,43;11,02;5,60;7,00;12,00;13,00;11,76;10,10;9,10;11,00;10,75;13,00;16,83;14,75
2017-2018;S1;86354943372;106;M.;MARZIN;Linton;TI2D;H;H2;9,30;7,90;8,22;7,90;1,80;4,08;12,42;18,75;11,12;8,50;6,40;13,08;12,75;11,23;13,75;15,88
2017-2018;S1;25540202727;91;M.;DOYEN;Edison;S;F;F2;10,37;9,81;7,35;11,96;8,95;8,15;13,00;10,50;11,10;9,75;14,93;10,58;10,00;10,37;10,94;12,00
2017-2018;S1;34510658251;25;M.;MACE;Marin;S;G;G1;13,36;13,38;12,37;16,19;15,45;9,97;14,42;12,00;13,33;15,50;15,20;10,00;12,08;13,20;12,81;13,25
2017-2018;S1;42952254826;89;M.;AUFFRET;Donnie;S;G;G2;10,43;9,56;10,14;9,12;8,20;6,55;12,42;13,75;11,58;12,25;11,60;7,00;11,75;12,37;13,38;12,00
2017-2018;S1;99521765183;22;M.;HEUZE;Jeff;S;F;F1;13,69;12,89;13,27;12,88;14,60;8,90;15,25;14,50;14,73;16,00;16,00;13,08;14,50;12,77;15,25;15,25
2017-2018;S1;55227033100;78;M.;TRAVERS;Jermaine;S;F;F2;10,99;10,12;8,88;12,50;12,00;6,30;11,75;10,50;12,14;11,25;11,73;11,58;10,42;13,22;16,25;12,00
2017-2018;S1;87474511016;12;M.;DEMANGE;Jeffrey;S;G;G2;14,15;15,12;13,71;16,07;17,75;12,55;16,21;16,00;12,89;10,25;12,27;10,00;14,83;14,93;13,13;15,75
2017-2018;S1;81821114030;71;M.;SALMON;Dax;S;G;G1;11,51;10,24;11,09;11,59;9,15;6,43;13,13;11,00;13,18;13,00;15,20;9,50;13,92;13,80;12,88;12,50
2017-2018;S1;87071276324;21;M.;COTTIN;Piers;S;G;G1;13,71;12,85;12,69;11,16;11,55;13,60;12,88;17,50;14,85;16,00;17,33;14,00;15,75;11,30;11,75;17,75
2017-2018;S1;16637883506;6;M.;LERICHE;Bennett;S;I;I1;14,92;14,52;13,02;15,64;14,85;13,57;14,29;17,50;15,43;16,75;17,20;13,50;17,00;13,53;12,69;15,50
2017-2018;S1;65491305113;44;M.;BOURGET;Landon;S;G;G1;12,43;12,00;14,41;11,43;13,15;8,40;13,92;11,00;12,99;13,75;9,87;11,83;13,08;12,53;16,50;14,50
2017-2018;S1;60427147641;42;M.;LE BORGNE;Xavier;S;G;G1;12,57;12,68;15,19;12,18;11,45;11,10;14,33;11,00;12,42;14,00;11,33;9,00;12,58;12,77;13,19;13,50
2017-2018;S1;37343591022;33;M.;FOLLET;Lovel;S;F;F1;12,88;12,40;12,43;14,23;12,10;10,57;12,88;12,00;13,51;16,75;14,00;14,83;12,33;11,30;11,75;12,50
2017-2018;S1;29826986135;76;M.;HEMERY;Tel;S;F;F1;11,19;10,15;7,45;9,50;8,10;9,20;14,71;16,00;12,55;9,50;13,60;11,75;13,67;13,37;13,63;13,25
2017-2018;S1;97161588305;39;Mme;BERTHELOT;Maurine;S;I;I1;12,66;10,24;9,29;8,34;7,95;8,92;13,42;18,50;15,83;14,75;16,13;11,83;17,00;17,07;17,50;16,00
2017-2018;S1;25086823375;4;Mme;GIROD;Shelley;S;H;H1;16,12;15,38;16,37;13,29;16,65;15,98;15,21;14,75;17,09;17,25;20,00;15,17;17,42;17,67;15,63;14,00
2017-2018;S1;31574373466;86;M.;DUBOURG;Jacob;S;F;F1;10,63;8,75;7,29;9,13;4,45;7,35;13,04;14,50;13,09;15,00;12,40;11,75;9,83;14,10;14,50;15,75
2018-2019;S1;28062382667;35;Mme;MORTIER;Félicie;S;F2;F;12,50;11,07;10,22;14,54;5,50;13,92;7,83;13,00;14,37;12,25;20,00;13,33;14,25;15,34;10,63;14,00
2017-2018;S1;28062382667;92;Mme;MORTIER;Félicie;S;H;H1;10,36;7,29;4,83;8,02;4,00;5,10;11,63;14,75;14,37;12,25;20,00;13,33;14,25;15,33;10,63;14,00
2018-2019;S1;34466157825;14;M.;GUIBERT;Van;S;G1;G;13,71;13,72;9,60;16,36;15,40;14,33;14,31;12,00;13,69;15,25;10,40;13,50;14,50;16,00;9,33;16,50
2017-2018;S1;34466157825;90;M.;GUIBERT;Van;S;H;H1;10,43;8,88;7,07;8,55;5,00;8,48;13,21;14,00;12,45;12,00;11,33;13,33;13,33;13,37;10,25;13,75
2017-2018;S1;65162650533;83;Mme;ROUTIER;Luann;S;I;I2;10,80;7,78;7,07;7,20;5,05;5,20;11,58;15,00;14,76;13,50;14,00;14,83;14,83;15,93;15,75;15,25
2018-2019;S1;85292586522;23;M.;BRASSEUR;Uland;SSI;F1;F;13,04;10,65;4,65;11,25;12,35;12,33;12,13;14,00;16,57;19,00;18,65;~;15,00;15,00;17,50;12,00
2017-2018;S1;36416770286;36;Mme;GOUJON;Lucienne;S;I;I1;12,73;11,22;11,55;11,11;9,70;6,90;13,83;19,00;14,70;16,50;16,80;10,00;11,67;16,53;15,00;16,50
2017-2018;S1;47444035352;13;M.;DEFRANCE;Shaw;S;F;F2;14,13;13,07;13,62;15,11;11,50;11,52;14,17;11,50;15,51;18,50;15,20;11,42;16,50;14,30;15,38;15,00
2017-2018;S1;20162946786;16;M.;GRANGER;Wilbur;S;G;G2;13,87;14,30;15,21;13,29;16,30;12,55;15,21;13,75;13,31;12,75;13,60;9,00;12,42;15,53;14,56;16,50
2017-2018;S1;13492331351;23;Mme;SALMON;Teale;S;F;F2;13,58;12,27;13,26;11,45;9,15;11,75;13,96;15,50;15,29;17,25;13,20;14,58;15,08;15,73;15,63;14,75
2017-2018;S1;85488851220;79;M.;SALLES;Cole;S;F;F2;10,99;9,58;10,15;11,30;7,90;3,92;12,42;15,50;12,83;14,50;14,40;9,08;12,92;12,47;11,25;14,00
2017-2018;S1;52929246235;7;M.;ROUDAUT;Lorn;S;G;G1;14,65;14,25;13,76;16,00;15,35;13,43;14,46;11,00;15,17;17,50;19,60;11,50;14,58;14,47;11,38;14,50
2017-2018;S1;33515336564;8;M.;DUSSART;Guiscard;S;I;I2;14,59;15,25;15,78;16,79;17,10;11,98;15,54;14,50;13,73;14,00;16,53;11,50;12,67;13,87;12,88;14,50
2017-2018;S1;20453682353;2;M.;LECOINTRE;Jérémie;S;F;F2;17,07;17,59;17,92;19,23;19,85;13,92;18,08;17,00;16,40;17,75;20,00;14,75;16,17;15,60;13,19;15,25
2017-2018;S1;61140719083;43;M.;LAGRANGE;Dayton;TI2D;F;F1;12,45;12,27;12,39;13,95;8,45;9,92;15,21;15,00;12,68;14,75;12,40;11,08;10,00;11,80;16,50;13,25
2016-2017;S1;61140719083;61;M.;LAGRANGE;Dayton;TI2D;F;F1;10,23;9,44;6,63;10,54;5,35;9,00;13,83;14,00;11,25;10,16;12,00;7,33;7,33;14,40;16,38;14,13
2016-2017;S1;80806470316;38;M.;ROUSSET;Rainier;31.0;H;H2;11,67;10,77;10,13;9,86;9,70;10,86;11,92;14,00;12,86;14,13;17,00;13,67;9,33;11,40;11,50;14,00
2018-2019;S1;14621268271;119;Mme;MAYET;Audrey;ST2S;H1;H;8,00;6,36;4,40;4,82;4,90;5,62;10,69;11,50;10,15;10,05;5,34;11,83;11,75;10,00;9,33;15,00
2018-2019;S1;78097625501;27;M.;BLANCHON;Jimi;S;G2;G;12,86;12,87;11,02;13,71;14,75;14,38;12,00;10,00;12,86;14,05;11,15;13,67;12,50;13,50;11,42;13,88
2018-2019;S1;22025186314;22;M.;GUITTON;Gladwyn;S;G1;G;13,08;12,35;10,79;14,64;15,30;10,17;12,88;10,00;14,02;13,50;13,00;11,92;16,00;15,00;12,83;15,38
2018-2019;S1;94815148026;67;M.;PEYRARD;Franck;S;G1;G;11,57;9,93;7,55;10,25;9,55;6,83;14,19;15,50;13,70;11,20;10,26;13,42;15,00;17,50;13,17;17,25
2018-2019;S1;25159865142;81;M.;BELLON;Xavior;S;I1;I;11,15;10,30;7,57;9,61;6,15;13,06;11,38;17,00;12,25;10,25;11,71;9,50;13,50;13,00;14,17;15,00
2018-2019;S1;30246571378;79;M.;LUC;Terence;TI2D;H1;H;11,16;11,38;9,60;10,32;12,45;11,67;13,19;12,50;10,88;9,90;9,00;11,42;9,25;13,00;12,33;14,00
2018-2019;S1;42336175594;92;M.;BACHELET;Russell;S;F1;F;10,63;9,47;7,72;10,21;7,45;9,67;10,50;13,00;12,16;13,00;10,21;10,17;12,00;14,50;11,92;13,00
2018-2019;S1;58315571865;18;M.;THIRIET;Darden;S;H2;H;13,49;14,52;9,77;14,88;16,75;17,52;11,88;18,50;12,14;17,70;13,04;9,58;8,00;11,00;11,00;14,63
2018-2019;S1;26240388211;47;M.;COURTIN;Marly;S;J1;J;12,06;11,79;10,52;10,29;7,60;13,93;14,81;15,25;12,40;11,50;8,10;10,83;13,25;16,00;11,58;17,50
2018-2019;S1;81697021837;70;M.;PEYRARD;Topher;S;H2;H;11,40;10,80;9,13;10,29;6,55;14,71;11,31;13,00;12,18;10,85;9,20;13,83;11,25;15,00;11,58;16,50
2018-2019;S1;78183470343;73;M.;LECOINTE;Randall;S;G1;G;11,35;11,28;8,35;14,71;7,70;11,67;13,19;12,00;11,44;14,80;9,45;10,92;8,75;12,50;9,08;16,00
2018-2019;S1;47558186344;9;Mme;CHABAUD;Lucetta;S;G1;G;14,44;14,11;12,51;17,02;14,80;11,33;16,13;13,00;14,87;16,00;10,48;13,33;16,25;13,50;18,17;17,50
2016-2017;S1;30001247453;51;M.;DUQUENNE;Jonathan;S;I;I2;10,90;10,30;9,44;11,29;10,85;7,92;11,46;12,75;11,68;14,15;13,50;8,67;9,33;11,17;11,63;13,38
2016-2017;S1;14936031419;63;M.;GROSJEAN;Maximilien;TI2D;H;H2;10,15;11,26;11,32;10,23;10,20;6,67;16,08;18,00;8,69;9,37;1,00;8,50;8,17;10,83;11,50;15,50
2016-2017;S1;66864439578;36;M.;LABADIE;Eliott;S;F;F1;11,74;10,93;10,99;8,93;11,25;11,44;11,67;12,50;12,81;14,29;13,50;10,00;11,83;12,83;13,88;12,75
2017-2018;S1;61457276305;80;M.;HUGUES;Gratien;S;I;I1;10,86;10,71;11,74;11,68;4,45;7,17;14,13;19,00;11,05;12,00;8,67;10,67;11,50;11,97;10,44;12,00
2016-2017;S1;61457276305;70;M.;HUGUES;Gratien;S;I;I1;9,71;9,39;10,32;7,20;7,65;8,00;11,75;14,50;10,14;12,74;4,50;8,17;10,42;10,60;12,63;12,50
2018-2019;S1;48472152087;68;M.;PRIVAT;Brice;S;G2;G;11,56;10,90;9,35;11,19;8,90;12,79;11,38;12,00;12,42;13,80;8,04;11,33;13,75;14,00;12,58;12,63
2017-2018;S1;48472152087;108;M.;PRIVAT;Brice;S;H;H1;8,97;6,86;7,15;6,79;3,55;4,23;9,29;14,00;11,71;10,25;8,67;12,50;14,75;12,40;10,94;12,50
2017-2018;S1;50432205473;63;M.;MAGNE;Major;S;H;H1;11,80;12,37;14,52;12,82;14,60;7,05;12,96;14,00;11,05;12,25;8,27;10,83;12,17;10,93;10,63;12,00
2017-2018;S1;67849296226;37;Mme;BEAUDOIN;Felicity;S;G;G2;12,73;11,50;9,59;11,84;10,20;9,65;13,54;18,25;14,33;13,50;15,60;12,33;16,17;14,87;11,00;16,25
2017-2018;S1;29054227466;5;M.;TRANCHANT;Oz;S;I;I2;16,01;15,85;15,25;14,11;17,10;16,25;15,75;18,50;16,22;18,75;16,80;13,17;15,25;16,00;16,00;16,50
2018-2019;S1;52340731515;40;M.;BARRY;Kipling;S;I1;I;12,26;12,48;10,93;14,07;10,40;13,22;13,13;13,00;11,97;-c-;-c-;-c-;-c-;-c-;-c-;-c-
2017-2018;S1;52340731515;101;M.;BARRY;Kipling;S;F;F1;9,56;7,72;7,55;8,59;7,00;10,80;0,00;13,00;11,97;16,00;10,80;11,42;8,58;12,67;10,38;14,50
2017-2018;S1;65862445151;96;M.;PIRIOU;Vinnie;TI2D;H;H2;10,15;8,61;8,38;7,79;6,75;6,78;11,88;13,00;12,17;10,75;13,20;11,25;12,75;11,90;13,00;12,88
2017-2018;S1;86546223573;18;M.;LEBAS;Layton;TI2D;F;F1;13,79;14,63;12,59;14,93;15,65;13,98;16,13;16,00;12,68;15,00;12,40;11,42;9,50;14,80;12,25;13,75
2017-2018;S1;10519776610;74;M.;GUIBERT;Johnie;TI2D;F;F1;11,32;11,16;11,24;10,66;11,45;8,52;14,63;12,00;11,53;13,25;8,27;9,25;8,33;12,33;18,38;13,25
2018-2019;S1;41587332413;4;M.;MAIRE;Telesphore;TI2D;J1;J;15,32;16,51;15,68;16,29;15,60;17,33;16,56;18,50;13,76;17,00;12,71;10,83;13,25;12,00;14,33;16,13
2017-2018;S1;41587332413;104;M.;MAIRE;Telesphore;TI2D;I;I2;9,36;8,42;9,42;6,33;5,50;4,90;13,83;15,00;10,60;11,50;12,00;10,00;11,67;7,30;9,00;12,75
2016-2017;S1;26785909414;35;M.;PEAN;Phillip;S;G;G1;11,78;11,58;9,37;13,76;15,95;7,56;13,21;11,00;12,04;14,76;11,00;8,50;11,50;13,50;11,75;11,50
