annee_univ;no_semestre;code_nip;rg;civilite;nom;prenom;bac;groupe_td_2a;groupe_tp_2a;moy;ue41;m4101c;m4102c;m4103c;m4104c;m4105c;m41os1;m41os2;m41os3;m4106;ue42;m4201c;m4202c;m4203;m4204;ue43;m4301;l4sportf;l4lv2_f
2017-2018;S4ALT;55484461344;33;Mme;LERICHE;Mollie;S;C;;14,52;14,04;10,00;10,00;11,25;15,75;18,25;NI;NI;NI;17,00;16,29;14,00;15,00;18,50;17,67;13,75;13,75;NI;NI
2018-2019;S4GL;35305170622;31;M.;BOILEAU;Kip;S;C;;13,26;12,06;5,80;11,00;11,00;12,94;15,79;NI;NI;NI;14,33;13,15;13,67;13,20;13,50;12,25;14,33;14,33;NI;NI
2019-2020;S4GL;87616675377;28;M.;FONTENEAU;Philippe;S;B;;14,66;14,59;15,75;13,00;9,50;15,48;16,87;NI;NI;NI;16,00;14,74;13,00;16,98;18,00;11,00;~;~;0,00;NI
2017-2018;S4ALT;71664507094;38;M.;CARTON;Stanford;S;C;;14,01;12,65;8,00;14,00;11,50;9,75;15,25;NI;NI;NI;15,50;12,71;11,67;14,00;15,50;9,67;16,00;16,00;NI;NI
2018-2019;S4DS;41294879718;1;M.;SABATIER;Marlon;S;A;;20,00;14,13;16,95;NI;16,00;NI;NI;18,00;6,00;15,00;13,33;10,46;13,33;4,50;13,75;10,25;11,33;11,33;15,00;NI
2018-2019;S4GL;73289277165;54;M.;TROUVE;Al;S;C;;11,48;12,94;10,70;10,00;10,50;12,65;18,53;NI;NI;NI;14,33;10,73;12,00;7,90;13,50;9,50;10,77;10,77;NI;NI
2019-2020;S4ALT;68298889583;1;M.;THEBAULT;Mike;S;D;;20,00;14,93;14,50;12,00;14,50;17,30;13,25;NI;NI;NI;16,80;15,00;16,00;13,00;15,00;16,00;13,75;13,75;20,00;NI
2019-2020;S4DS;78354438342;1;M.;CAILLOT;Gérard;S;A;;20,00;14,28;14,50;NI;14,50;NI;NI;17,50;12,00;10,00;16,00;14,63;14,00;11,00;15,50;18,00;~;~;12,00;NI
2019-2020;S4ALT;43680732468;5;M.;HERY;Haywood;S;D;;16,43;15,90;14,00;14,00;14,50;17,42;17,76;NI;NI;NI;17,00;17,00;18,00;20,00;16,00;14,00;16,50;16,50;NI;NI
2019-2020;S4GL;56262202567;18;M.;FERET;Quanah;S;B;;15,22;14,67;15,75;14,00;10,50;16,39;14,50;NI;NI;NI;16,00;15,92;13,00;17,67;18,00;15,00;~;~;NI;NI
2019-2020;S4DS;82579808110;35;M.;RIGAUD;Alain;S;A;;14,27;14,70;12,00;NI;13,00;NI;NI;17,50;12,00;16,00;16,50;13,73;15,00;12,67;12,25;15,00;~;~;NI;NI
2019-2020;S4DS;47273331783;17;M.;LAFOSSE;Roderick;S;A;;15,25;14,88;14,50;NI;15,50;NI;NI;16,50;11,00;15,00;16,00;15,73;16,00;12,67;16,25;18,00;~;~;0,00;NI
2019-2020;S4DS;59140428015;19;M.;FAYE;Joel;S;A;;15,22;15,78;15,00;NI;14,00;NI;NI;15,50;16,00;18,00;16,00;14,52;15,00;11,83;12,25;19,00;~;~;NI;NI
2019-2020;S4GL;52282348013;1;M.;LOUVEL;Aaron;S;C;;20,00;10,19;14,50;0,00;9,00;11,20;16,55;NI;NI;NI;10,00;11,00;13,00;13,49;17,50;0,00;~;~;18,00;NI
2019-2020;S4GL;78417625114;22;M.;CANET;Cesaire;S;B;;15,13;15,90;14,50;15,00;16,50;15,68;17,64;NI;NI;NI;16,00;14,18;13,00;13,72;18,00;12,00;~;~;NI;NI
2019-2020;S4GL;31842452166;29;Mme;SEGUY;Ariana;S;B;;14,64;14,27;13,25;14,00;12,00;18,76;17,13;NI;NI;NI;12,00;15,10;18,00;14,65;13,75;14,00;~;~;NI;NI
2019-2020;S4ALT;53479954513;22;M.;BRAUD;Iréné;S;D;;14,16;14,93;14,00;14,00;11,00;18,13;17,39;NI;NI;NI;15,00;11,94;10,00;13,00;14,75;10,00;15,00;15,00;NI;NI
2019-2020;S4DS;77392266683;39;M.;MONTEIRO;Kemp;S;A;;14,21;14,03;14,50;NI;12,50;NI;NI;14,50;12,00;15,00;15,00;14,44;14,00;14,00;14,75;15,00;~;~;NI;NI
2019-2020;S4DS;32164344291;50;M.;HERRY;Arn;S;A;;13,75;13,94;14,50;NI;12,50;NI;NI;~;12,00;15,00;15,00;13,54;14,00;12,67;15,50;12,00;~;~;NI;NI
2019-2020;S4DS;17101168132;64;M.;LE BRUN;Bennie;S;A;;13,12;13,83;12,00;NI;10,50;NI;NI;15,00;9,00;19,00;16,00;12,23;11,00;12,67;11,75;13,50;~;~;NI;NI
2019-2020;S4ALT;97631784582;13;Mme;DUCROS;Prue;S;D;;15,69;15,83;14,00;13,50;16,50;16,26;16,95;NI;NI;NI;17,00;13,56;12,50;17,00;12,75;12,00;17,00;17,00;NI;NI
2019-2020;S4ALT;32285051217;27;M.;MENGUY;Franck;S;D;;11,66;13,34;14,00;8,00;12,50;13,84;16,18;NI;NI;NI;14,65;10,09;10,00;8,00;11,38;11,00;11,30;11,30;NI;NI
2019-2020;S4GL;65432436221;58;M.;MORICE;Denzil;21.0;C;;13,33;13,97;13,25;12,00;5,83;16,39;17,34;NI;NI;NI;17,00;12,54;12,50;11,40;16,25;10,00;~;~;NI;NI
2019-2020;S4GL;83323096490;53;M.;GUEDON;Crawford;S;C;;13,59;13,32;14,50;12,00;9,00;9,09;17,51;NI;NI;NI;16,00;13,93;8,00;17,21;18,50;12,00;~;~;NI;NI
2019-2020;S4ALT;74882344773;9;M.;HERAULT;Michael;S;D;;15,92;16,32;14,00;13,00;15,00;18,75;18,21;NI;NI;NI;17,90;14,19;12,00;18,00;14,75;12,00;16,75;16,75;NI;NI
2019-2020;S4DS;68778456242;14;M.;GEORGET;Kaden;S;A;;15,48;15,98;14,50;NI;17,00;NI;NI;15,50;16,00;16,00;16,50;14,85;15,00;12,67;13,75;18,00;~;~;NI;NI
2019-2020;S4GL;72463463746;32;M.;LECOCQ;Aldous;S;C;;14,36;14,97;12,00;14,00;12,75;14,59;18,11;NI;NI;NI;17,00;13,59;13,50;11,63;14,25;15,00;~;~;NI;NI
2019-2020;S4GL;72696646681;74;Mme;COURT;Ronda;S;B;;12,21;11,62;14,50;0,00;11,25;15,06;14,97;NI;NI;NI;13,00;12,96;10,00;15,58;12,25;14,00;~;~;NI;NI
2019-2020;S4DS;42257108167;1;M.;MAS;Branden;S;A;;20,00;15,68;15,00;NI;15,00;NI;NI;16,50;17,00;16,00;15,00;13,94;14,00;14,00;14,75;13,00;~;~;15,00;NI
2019-2020;S4DS;79443225718;65;M.;MUNOZ;Alf;S;A;;13,03;12,70;12,00;NI;12,00;NI;NI;15,00;4,00;15,00;16,00;13,44;11,00;14,00;11,75;17,00;~;~;NI;NI
2019-2020;S4GL;22671638372;61;M.;LEPINE;Baudouin;S;B;;13,22;13,26;11,00;8,00;12,00;16,76;16,45;NI;NI;NI;14,50;13,17;10,00;17,67;13,00;12,00;~;~;NI;NI
2019-2020;S4GL;22351813143;69;M.;GAUVIN;Dax;TI2D;B;;12,74;14,56;14,50;9,00;13,00;18,87;16,67;NI;NI;NI;15,00;10,48;18,00;7,91;16,00;0,00;~;~;NI;NI
2019-2020;S4ALT;41446020147;16;M.;DUPRAT;Everard;S;D;;15,16;16,01;14,00;14,50;15,00;18,00;15,31;NI;NI;NI;17,95;13,00;13,00;11,00;16,00;12,00;15,90;15,90;NI;NI
2019-2020;S4GL;63185228288;57;M.;METAYER;Phil;S;B;;13,47;13,51;12,00;15,00;12,50;17,63;16,24;NI;NI;NI;10,00;13,42;18,00;7,67;16,00;12,00;~;~;NI;NI
2019-2020;S4GL;22152504326;78;M.;CHRISTOPHE;Celestine;TI2D;C;;9,96;9,89;14,50;6,00;12,00;14,92;18,50;NI;NI;NI;0,00;10,05;15,00;13,95;11,25;0,00;~;~;NI;NI
2019-2020;S4ALT;71887646649;23;M.;LEPINAY;Cassian;S;D;;14,05;14,91;13,50;8,00;15,50;17,70;17,06;NI;NI;NI;16,60;12,31;12,00;8,00;15,25;14,00;14,50;14,50;NI;NI
2019-2020;S4GL;24754380362;46;M.;GODART;Ricky;S;B;;14,01;15,01;14,50;10,00;11,50;19,21;18,18;NI;NI;NI;16,00;12,76;17,00;12,56;10,50;11,00;~;~;NI;NI
2019-2020;S4ALT;82789260357;15;M.;PEDRON;Richard;S;D;;15,41;15,82;14,00;12,50;15,00;18,49;16,96;NI;NI;NI;17,10;11,78;10,00;11,00;14,13;12,00;17,50;17,50;NI;NI
2019-2020;S4DS;54597826387;1;M.;QUINTIN;Hedley;S;A;;20,00;11,38;12,00;NI;9,50;NI;NI;~;7,00;11,00;15,00;11,19;11,00;12,00;11,75;10,00;~;~;20,00;NI
2019-2020;S4GL;25251958137;43;M.;BUREL;Austen;S;C;;14,11;13,76;13,25;14,00;11,50;14,59;13,40;NI;NI;NI;15,00;14,54;13,00;14,65;17,50;13,00;~;~;NI;NI
2019-2020;S4DS;56229584521;1;M.;MONIN;Bud;S;A;;20,00;16,09;14,50;NI;15,75;NI;NI;17,50;16,00;16,00;16,50;13,98;15,00;12,67;12,25;16,00;~;~;15,00;NI
2019-2020;S4GL;47165510415;31;M.;GALLAIS;Bram;S;C;;14,36;14,16;12,00;15,00;11,50;12,87;18,05;NI;NI;NI;15,00;14,60;13,50;14,65;17,25;13,00;~;~;NI;NI
2019-2020;S4ALT;22639313660;24;M.;FERRIER;Olivier;S;D;;13,80;14,46;13,50;11,50;11,00;19,38;17,36;NI;NI;NI;14,20;11,56;12,00;8,00;14,25;12,00;14,75;14,75;NI;NI
2019-2020;S4DS;12448362628;47;Mme;FLAMENT;Becka;ES;A;;13,99;14,70;12,00;NI;12,50;NI;NI;16,50;17,00;15,00;15,00;13,10;14,00;12,67;14,75;11,00;~;~;0,00;NI
2019-2020;S4ALT;55308849204;19;Mme;SYLVESTRE;Jacqueline;S;D;;14,72;14,91;12,00;15,00;11,00;17,50;15,47;NI;NI;NI;17,05;11,81;12,50;8,00;14,75;12,00;16,50;16,50;NI;NI
2019-2020;S4GL;40786286237;16;M.;BATARD;Channing;S;B;;15,28;14,66;12,00;13,00;15,00;18,99;17,09;NI;NI;NI;13,00;16,06;18,00;16,98;13,75;15,50;~;~;NI;NI
2019-2020;S4DS;74781655577;23;M.;VIAUD;Briscoe;S;A;;15,09;15,25;14,50;NI;12,50;NI;NI;16,00;15,00;17,00;16,00;14,90;16,00;13,33;16,25;14,00;~;~;NI;NI
2019-2020;S4DS;82184371370;54;Mme;DOUBLET;Faustine;S;A;;13,59;13,24;13,25;NI;12,00;NI;NI;14,00;14,00;15,00;12,00;14,02;16,00;13,33;13,75;13,00;~;~;NI;NI
2019-2020;S4GL;32376274835;11;M.;MATHON;Cullen;S;C;;16,30;16,70;15,75;15,00;18,75;17,31;18,66;NI;NI;NI;15,50;15,80;12,50;17,44;16,25;17,00;~;~;NI;NI
2019-2020;S4ALT;30737214223;12;M.;VILLETTE;Ralph;S;D;;15,70;15,85;13,50;16,00;14,00;19,38;15,14;NI;NI;NI;16,60;15,44;18,00;18,00;14,75;11,00;15,75;15,75;NI;NI
2019-2020;S4GL;83412234131;27;M.;TEXIER;Ignace;S;C;;14,69;14,67;11,25;17,00;11,25;14,57;18,74;NI;NI;NI;15,00;14,72;16,00;15,12;11,75;16,00;~;~;0,00;NI
2019-2020;S4GL;97834694934;21;Mme;MINET;Christi;S;B;;15,15;15,57;15,75;13,00;12,00;17,62;19,61;NI;NI;NI;15,50;14,62;18,00;13,72;13,75;13,00;~;~;NI;NI
2019-2020;S4DS;23468555012;73;M.;BECQUET;Darren;S;A;;12,27;10,76;14,50;NI;11,50;NI;NI;~;0,00;10,00;15,00;13,88;14,00;14,00;15,50;12,00;~;~;NI;NI
2019-2020;S4DS;37294076157;41;M.;FUCHS;Oli;S;A;;14,18;14,48;15,00;NI;12,50;NI;NI;16,50;9,00;16,00;16,50;13,81;15,00;14,00;12,25;14,00;~;~;NI;NI
2019-2020;S4GL;49261443428;76;M.;REGNAULT;Nat;S;C;;10,80;10,67;13,25;6,00;8,00;12,79;11,10;NI;NI;NI;12,00;10,96;12,50;8,60;11,75;11,00;~;~;NI;NI
2019-2020;S4GL;70175252634;33;M.;TARDIEU;Buck;S;B;;14,31;15,42;15,75;17,00;15,50;13,44;16,96;NI;NI;NI;14,50;12,92;10,00;14,19;13,00;14,50;~;~;0,00;NI
2019-2020;S4ALT;34865641714;20;M.;LAHAYE;Elmer;S;D;;14,55;14,95;14,50;13,00;15,50;16,60;16,75;NI;NI;NI;14,00;13,00;12,00;13,00;15,00;12,00;15,25;15,25;NI;NI
2019-2020;S4DS;32814436863;42;M.;POISSON;Clinton;S;A;;14,13;13,98;14,50;NI;12,50;NI;NI;16,50;8,00;15,00;16,00;14,31;16,00;14,00;16,25;11,00;~;~;NI;NI
2019-2020;S4GL;78193939641;30;M.;LE BERRE;Randolph;S;C;;14,55;14,62;14,50;9,00;11,50;16,04;18,95;NI;NI;NI;16,50;14,46;13,50;12,09;17,25;15,00;~;~;NI;NI
2019-2020;S4GL;84883158734;26;M.;RAOULT;Thurstan;S;B;;14,88;16,20;15,75;12,00;16,00;18,42;20,00;NI;NI;NI;15,50;13,22;17,00;11,40;10,50;14,00;~;~;NI;NI
2019-2020;S4GL;25641028863;1;M.;MARTIAL;Durward;S;C;;20,00;13,30;12,00;12,00;9,50;10,78;17,71;NI;NI;NI;16,00;13,92;13,50;~;14,25;14,00;~;~;12,00;NI
2019-2020;S4GL;43628936695;1;M.;BEAUDOIN;Maxime;S;C;;20,00;13,96;12,00;14,00;11,50;15,26;15,28;NI;NI;NI;15,00;14,48;13,50;14,19;17,25;13,00;~;~;20,00;NI
2019-2020;S4ALT;23851816517;4;M.;LESUEUR;Ramsey;S;D;;16,52;16,47;15,50;16,00;17,00;17,52;17,46;NI;NI;NI;15,80;15,88;12,50;20,00;16,00;15,00;17,00;17,00;NI;NI
2019-2020;S4ALT;49588175142;17;Mme;FAIVRE;Lexie;S;D;;14,93;15,53;14,00;13,50;13,50;19,38;16,23;NI;NI;NI;16,15;11,47;10,00;12,00;10,88;13,00;16,75;16,75;NI;NI
2019-2020;S4DS;52738158103;56;Mme;JAN;Kamryn;STI2D;A;;13,54;14,83;11,00;NI;13,50;NI;NI;17,50;16,00;15,00;15,50;11,94;10,00;12,00;11,75;14,00;~;~;NI;NI
2019-2020;S4ALT;28741419147;18;Mme;ESNAULT;Carlene;S;D;;14,78;15,95;13,50;16,50;16,50;15,11;16,64;NI;NI;NI;16,85;11,13;10,50;10,00;13,00;11,00;16,25;16,25;NI;NI
2018-2019;S4ALT;59968144726;24;M.;DUMORTIER;Donny;31.0;D;;13,59;12,65;10,75;13,00;11,25;14,75;12,94;NI;NI;NI;13,00;13,08;11,50;16,50;12,50;11,83;14,71;14,71;NI;NI
2019-2020;S4ALT;67733138442;6;M.;HUCHET;Quintin;S;D;;16,36;15,89;13,50;16,00;11,50;17,83;18,70;NI;NI;NI;17,05;16,00;16,00;20,00;16,50;11,50;17,00;17,00;NI;NI
2019-2020;S4DS;95627457914;75;M.;PAYEN;Xavier;S;A;;11,90;11,88;12,00;NI;13,50;NI;NI;13,00;4,00;15,00;13,00;11,94;16,00;8,00;13,75;10,00;~;~;0,00;NI
2019-2020;S4DS;54655403650;59;M.;DUBUISSON;Hyram;S;A;;13,31;12,21;13,25;NI;11,50;NI;NI;14,00;15,00;11,00;10,00;14,69;16,00;16,00;13,75;13,00;~;~;NI;NI
2019-2020;S4DS;81543852719;38;M.;DURIEZ;Vaughn;S;A;;14,22;14,35;14,50;NI;12,50;NI;NI;16,00;10,00;16,00;16,00;14,06;16,00;12,00;16,25;12,00;~;~;NI;NI
2019-2020;S4ALT;71575741077;14;M.;BORDAS;Modeste;S;D;;15,68;16,24;14,00;14,50;15,00;19,08;17,34;NI;NI;NI;17,00;14,50;13,00;13,00;16,00;16,00;16,00;16,00;NI;NI
2019-2020;S4GL;88402139920;45;M.;JEGOU;Marlowe;TI2D;C;;14,06;14,36;15,00;11,00;10,00;15,04;16,36;NI;NI;NI;17,00;13,69;17,00;10,00;14,75;13,00;~;~;0,00;NI
2019-2020;S4GL;61109689872;48;M.;CHABERT;Trevelyan;TI2D;B;;13,99;15,12;14,50;11,00;14,50;18,99;17,66;NI;NI;NI;14,50;12,57;17,00;9,77;10,50;13,00;~;~;NI;NI
2019-2020;S4ALT;66455703887;26;M.;LE BRUN;Henderson;S;D;;13,24;15,06;14,00;14,50;12,50;19,38;17,49;NI;NI;NI;13,50;11,72;10,00;10,00;11,88;15,00;12,75;12,75;NI;NI
2019-2020;S4GL;98435405757;68;M.;DESBOIS;Jeannot;S;C;;12,86;12,60;12,00;15,00;10,00;13,36;16,97;NI;NI;NI;10,00;13,18;16,00;13,49;11,75;11,50;~;~;NI;NI
2019-2020;S4ALT;78351315317;10;M.;MAURIN;Lockie;S;D;;15,82;15,50;13,50;13,50;14,50;18,31;18,03;NI;NI;NI;15,30;14,44;12,50;19,00;15,25;11,00;17,00;17,00;0,00;NI
2019-2020;S4GL;63904531666;37;M.;LOCATELLI;Roger;S;B;;14,24;14,40;14,50;12,00;10,50;14,21;18,10;NI;NI;NI;16,00;14,04;13,00;14,65;18,00;10,50;~;~;NI;NI
2019-2020;S4GL;85259362936;1;M.;LALANDE;Tyrone;S;B;;20,00;15,85;14,50;14,00;13,50;18,33;18,68;NI;NI;NI;16,00;11,80;10,00;10,93;12,25;14,00;~;~;15,00;NI
2018-2019;S4ALT;35845038449;11;M.;LASSERRE;Tylor;S;D;;16,30;17,06;16,25;17,00;17,25;18,25;16,62;NI;NI;NI;17,00;16,19;16,00;17,50;13,75;17,50;15,75;15,75;NI;NI
2019-2020;S4DS;36031070461;63;M.;COLOMBEL;Davin;S;A;;13,15;11,93;12,00;NI;13,50;NI;NI;14,00;0,00;15,00;15,00;14,69;15,00;12,00;13,75;18,00;~;~;0,00;NI
2019-2020;S4ALT;57723617423;2;M.;FOUCHE;Wat;S;D;;17,12;16,52;13,00;16,00;17,00;18,14;18,71;NI;NI;NI;16,35;17,31;14,00;20,00;17,25;18,00;17,50;17,50;NI;NI
2019-2020;S4GL;87970167548;52;M.;RAMON;Rodolph;S;C;;13,60;14,65;12,00;13,00;14,50;16,28;16,92;NI;NI;NI;15,00;12,29;16,00;7,91;11,75;13,50;~;~;0,00;NI
2017-2018;S4DS;24245487449;32;M.;BLIN;Clinton;S;A;;14,81;15,27;15,50;NI;17,38;NI;NI;14,50;18,00;12,00;14,67;14,81;13,67;14,00;17,25;14,33;14,43;14,43;NI;NI
2017-2018;S4DS;98565076721;31;M.;CARLE;Rudolph;S;A;;14,90;15,00;14,25;NI;13,25;NI;NI;14,00;17,00;18,00;14,08;13,88;10,67;14,00;16,00;14,83;15,50;15,50;NI;NI
2019-2020;S4ALT;55765774440;11;M.;MILON;Alden;S;D;;15,76;15,05;11,50;16,50;14,50;16,37;16,78;NI;NI;NI;14,80;15,13;12,50;19,00;14,00;15,00;16,77;16,77;NI;NI
2018-2019;S4GL;85467112057;50;M.;JOUBERT;Dawson;TI2D;C;;12,17;14,62;14,28;17,00;13,50;15,74;14,20;NI;NI;NI;13,67;8,86;8,67;3,40;13,75;9,63;12,33;12,33;NI;NI
2017-2018;S4ALT;34736676136;25;M.;TOUTAIN;Oz;S;C;;15,34;15,86;14,75;17,00;13,75;18,25;18,25;NI;NI;NI;14,25;16,71;15,00;17,00;17,00;17,83;14,00;14,00;NI;NI
2017-2018;S4ALT;56315442242;1;M.;LECHAT;Donatien;TI2D;C;;20,00;14,86;11,75;15,00;14,00;13,75;17,50;NI;NI;NI;16,25;12,71;13,00;15,00;12,50;10,33;15,50;15,50;18,50;NI
2017-2018;S4DS;79123188899;71;M.;BOUCARD;Dalton;S;A;;10,58;9,39;4,75;NI;10,88;NI;NI;13,00;6,00;8,00;12,00;10,50;12,33;11,00;9,00;9,67;11,63;11,63;NI;NI
2017-2018;S4GL;31714444250;24;Mme;LE FUR;Chastity;S;C;;15,54;12,84;11,00;14,00;8,88;12,50;9,25;NI;NI;NI;18,00;12,21;13,00;10,00;14,50;11,33;15,00;15,00;2,00;NI
2017-2018;S4DS;23444780524;23;Mme;KREMER;Isidora;S;A;;15,61;15,03;12,50;NI;12,75;NI;NI;13,50;19,00;18,00;14,67;16,13;12,67;16,00;17,50;18,33;15,75;15,75;NI;NI
2018-2019;S4DS;84764744006;1;Mme;ALLART;Jocelin;S;A;;20,00;17,36;20,00;NI;17,75;NI;NI;18,00;16,00;19,00;15,00;15,23;14,67;17,00;13,75;15,50;14,00;14,00;20,00;NI
2018-2019;S4DS;16778872302;18;M.;AUCLAIR;Quincy;S;A;;14,49;14,48;12,35;NI;14,75;NI;NI;18,00;12,00;15,00;14,67;13,25;14,00;7,50;13,50;18,00;15,33;15,33;NI;NI
2018-2019;S4GL;84068850653;51;M.;LE BERRE;Den;ES;B;;12,04;14,23;14,04;13,00;15,00;12,88;15,48;NI;NI;NI;14,67;10,88;13,00;2,90;13,50;14,13;11,00;11,00;NI;NI
2017-2018;S4ALT;44188646219;22;M.;FERRE;Newton;S;C;;15,66;15,58;11,25;20,00;14,25;17,00;14,25;NI;NI;NI;16,25;15,25;11,67;18,00;15,50;15,83;16,00;16,00;NI;NI
2019-2020;S4GL;37437747278;34;M.;LE GAC;Aurelien;S;C;;14,31;14,30;13,25;14,00;10,25;15,37;17,49;NI;NI;NI;15,00;14,32;12,50;16,51;16,25;12,00;~;~;NI;NI
2017-2018;S4ALT;43764613672;1;M.;GRANGER;Bristol;ES;C;;20,00;15,81;12,25;17,00;14,50;18,25;16,75;NI;NI;NI;16,00;16,04;15,00;17,00;17,00;15,17;15,00;15,00;11,00;NI
2017-2018;S4DS;67345565768;66;M.;WOLFF;Freeman;S;A;;11,61;9,33;9,00;NI;8,50;NI;NI;13,00;1,00;14,00;10,00;11,27;10,17;11,00;14,25;9,67;13,75;13,75;NI;NI
2017-2018;S4DS;84317827971;53;M.;LAFITTE;Horsa;S;A;;13,08;13,02;6,25;NI;12,63;NI;NI;14,00;~;18,00;13,75;11,96;11,67;11,00;12,50;12,67;13,88;13,88;NI;NI
2017-2018;S4ALT;40145107425;1;M.;LENORMAND;Denton;S;C;;20,00;14,90;13,25;15,00;14,75;14,50;16,00;NI;NI;NI;15,50;14,13;15,17;16,00;12,50;12,83;16,75;16,75;15,00;NI
2017-2018;S4DS;42444562121;1;M.;LE DU;Corbin;S;A;;20,00;16,27;14,50;NI;14,50;NI;NI;16,00;19,00;20,00;14,67;15,63;12,67;15,00;17,50;17,33;16,50;16,50;6,00;NI
2017-2018;S4GL;82843547354;39;M.;TUAL;Aimée;S;C;;13,97;15,46;12,00;14,00;14,88;17,50;18,00;NI;NI;NI;16,00;12,83;10,33;14,00;14,00;13,00;13,50;13,50;NI;NI
2018-2019;S4ALT;21315356809;1;Mme;HERAULT;Veronica;S;D;;20,00;9,53;1,75;~;10,50;10,63;10,28;NI;NI;NI;12,50;11,56;13,00;11,00;13,75;8,50;9,50;9,50;16,00;NI
2017-2018;S4DS;95366442477;26;M.;FERET;Zack;S;A;;15,22;14,88;12,00;NI;14,75;NI;NI;14,00;14,00;20,00;14,67;14,85;15,50;13,00;14,25;16,67;15,75;15,75;NI;NI
2018-2019;S4DS;47848828226;27;M.;JOLLY;Orville;S;A;;13,72;13,53;15,86;NI;13,00;NI;NI;16,00;8,00;14,00;14,00;12,70;11,67;9,00;14,50;15,63;14,55;14,55;NI;NI
2018-2019;S4GL;57694696125;1;M.;MARTEAU;Paul;S;C;;20,00;12,08;9,71;9,00;8,50;13,50;17,05;NI;NI;NI;13,67;12,36;11,33;11,00;14,75;12,38;16,00;16,00;17,00;NI
2017-2018;S4GL;88251791457;1;M.;DELPIERRE;Jamar;S;B;;20,00;14,24;13,75;8,00;11,25;18,00;17,25;NI;NI;NI;16,00;12,60;10,00;14,00;13,75;12,67;14,25;14,25;14,00;NI
2018-2019;S4GL;77843268801;24;M.;GEORGE;Adolph;S;C;;13,90;13,65;7,60;14,00;13,25;14,07;18,19;NI;NI;NI;14,33;14,06;12,33;15,40;13,50;15,00;14,00;14,00;NI;NI
2017-2018;S4GL;75054755756;19;M.;MAUDET;Dan;S;B;;16,53;16,95;20,00;19,00;18,75;13,25;12,00;NI;NI;NI;18,00;15,29;13,00;18,00;17,50;12,67;17,00;17,00;NI;NI
2017-2018;S4GL;36237241074;69;M.;VALENTIN;Edison;S;C;;11,04;7,32;3,25;11,00;6,88;4,50;6,25;NI;NI;NI;10,14;13,15;11,67;11,00;15,25;14,67;12,75;12,75;NI;NI
2018-2019;S4DS;69857527185;20;M.;RENOU;Wilburn;S;A;;14,14;13,51;15,26;NI;12,50;NI;NI;16,00;10,00;13,00;14,00;12,14;8,67;9,00;14,50;16,38;16,00;16,00;NI;NI
2019-2020;S4GL;73944436357;79;M.;VUILLEMIN;Nimbus;S;B;;9,77;10,49;12,00;0,00;6,67;13,91;13,18;NI;NI;NI;14,50;8,88;17,00;0,00;10,50;8,00;~;~;NI;NI
2019-2020;S4GL;21697493614;40;M.;RENOUX;Denton;TI2D;C;;14,20;14,79;13,25;15,00;13,50;17,70;19,12;NI;NI;NI;12,00;13,46;12,50;18,60;11,75;11,00;~;~;NI;NI
2017-2018;S4GL;49704526772;57;M.;CHARLOT;Willy;TI2D;B;;12,62;14,01;10,00;12,00;17,25;14,75;17,75;NI;NI;NI;13,00;10,17;9,67;5,00;12,00;14,00;13,09;13,09;NI;NI
2018-2019;S4ALT;22404367534;8;M.;GUERY;Mitchell;S;D;;16,35;14,80;13,50;16,00;11,00;16,19;12,42;NI;NI;NI;17,75;15,44;14,50;16,50;15,75;15,00;18,25;18,25;NI;NI
2018-2019;S4GL;98761517712;34;M.;BAYLE;Marquis;TI2D;B;;13,11;12,13;12,18;11,00;11,25;10,81;17,33;NI;NI;NI;11,00;11,50;11,33;9,40;14,75;10,50;15,00;15,00;NI;NI
2017-2018;S4DS;86835463028;1;M.;PLESSIS;Louis;TI2D;A;;20,00;11,92;12,00;NI;12,00;NI;NI;14,00;5,00;12,00;14,67;15,04;12,67;14,00;17,50;16,00;17,00;17,00;14,50;NI
2018-2019;S4GL;43893868820;46;M.;BOURREAU;Godric;S;B;;12,64;12,82;8,58;16,00;9,25;13,13;14,05;NI;NI;NI;14,67;10,39;8,00;9,20;13,50;10,88;14,00;14,00;NI;NI
2018-2019;S4DS;47538413512;1;Mme;BONNEAU;Dahlia;S;A;;20,00;11,08;10,28;NI;12,25;NI;NI;16,00;2,00;10,00;14,00;9,42;10,67;3,00;14,75;9,25;12,00;12,00;20,00;NI
2017-2018;S4GL;81244540295;1;M.;JOYEUX;Montague;S;B;;20,00;9,38;8,75;8,00;7,63;7,00;14,25;NI;NI;NI;10,14;9,46;10,17;9,50;13,50;4,67;12,85;12,85;15,00;NI
2018-2019;S4ALT;45339742812;18;M.;BONIFACE;Cooper;S;D;;15,03;15,02;16,75;14,00;14,00;14,13;19,59;NI;NI;NI;13,00;13,46;11,50;14,00;12,50;15,83;16,08;16,08;NI;NI
2017-2018;S4ALT;77768490677;45;M.;RICHE;Anderson;TI2D;C;;13,63;13,98;10,75;14,00;12,75;15,25;13,75;NI;NI;NI;16,00;13,21;11,67;16,00;15,50;9,67;13,63;13,63;NI;NI
2017-2018;S4GL;47131734265;64;M.;COCHET;Emmet;S;B;;12,03;11,97;16,25;11,00;9,13;9,50;17,00;NI;NI;NI;10,14;11,77;10,67;9,00;13,25;14,17;12,25;12,25;NI;NI
2018-2019;S4GL;54665103261;39;M.;PAUMIER;Davy;TI2D;C;;12,95;12,32;10,13;10,00;10,50;13,75;14,98;NI;NI;NI;13,67;12,66;8,67;14,60;14,75;12,63;13,67;13,67;NI;NI
2017-2018;S4GL;44101846664;1;M.;COLLOMB;Branden;S;B;;20,00;12,55;12,75;7,00;8,25;15,00;19,00;NI;NI;NI;13,00;12,46;12,00;13,50;12,00;12,33;14,58;14,58;NI;14,00
2019-2020;S4GL;69162013937;77;M.;MORENO;Brant;TI2D;B;;10,43;10,39;13,25;0,00;8,00;12,28;10,72;NI;NI;NI;15,00;10,48;18,00;7,91;16,00;0,00;~;~;NI;NI
2018-2019;S4DS;93813231917;41;M.;NICOL;Jermaine;S;A;;12,84;12,93;11,87;NI;13,00;NI;NI;16,00;10,00;12,00;14,00;12,00;13,00;7,00;13,50;14,50;13,33;13,33;NI;NI
2017-2018;S4GL;86273800692;52;M.;DELRIEU;Ryley;S;C;;13,11;14,51;17,00;12,00;15,75;15,75;16,25;NI;NI;NI;12,00;9,58;9,67;11,00;13,00;4,67;14,29;14,29;NI;NI
2018-2019;S4ALT;53933393021;1;M.;COUTURE;Nikolas;S;D;;20,00;16,00;16,25;16,00;13,38;15,50;16,40;NI;NI;NI;17,50;14,38;14,50;13,50;14,50;15,00;16,50;16,50;18,00;NI
2018-2019;S4ALT;29857547817;23;M.;BELOT;Justin;TI2D;D;;14,16;14,14;14,00;17,00;14,25;15,25;9,57;NI;NI;NI;14,50;12,35;16,00;10,00;13,75;9,67;15,38;15,38;NI;NI
2017-2018;S4DS;90088655332;1;M.;BRUNEL;Algar;S;A;;20,00;10,31;11,25;NI;5,50;NI;NI;14,00;0,00;18,00;12,00;11,29;9,00;12,00;15,00;9,17;14,50;14,50;19,00;NI
2018-2019;S4GL;23411344478;45;M.;DUCLOS;Thom;TI2D;B;;12,65;13,12;10,75;14,00;10,75;13,88;14,77;NI;NI;NI;14,00;11,54;12,00;7,90;14,75;11,50;13,00;13,00;NI;NI
2017-2018;S4DS;47157211216;51;M.;MORO;Ritchie;S;A;;13,15;11,42;9,50;NI;12,38;NI;NI;13,00;15,00;8,00;10,97;10,67;9,67;12,00;10,00;11,00;16,25;16,25;NI;NI
2018-2019;S4GL;14857474806;30;M.;BOUCHEZ;Clem;S;B;;13,27;13,01;13,63;8,00;12,00;16,13;18,67;NI;NI;NI;11,00;10,00;6,83;11,90;11,75;9,50;15,67;15,67;NI;NI
2018-2019;S4DS;34145747772;60;M.;LAUDE;Orville;TI2D;A;;6,89;12,68;8,28;NI;13,25;NI;NI;15,00;15,00;13,00;12,00;9,98;11,17;1,00;13,00;14,75;0,00;0,00;NI;NI
2017-2018;S4GL;37430880684;37;M.;CHAMBON;Colombain;TI2D;B;;14,17;14,94;16,50;9,00;14,63;12,25;17,25;NI;NI;NI;18,00;12,90;13,00;11,00;13,25;14,33;14,38;14,38;NI;NI
2017-2018;S4GL;76224510639;34;M.;PROUST;Mark;S;B;;14,34;14,35;15,00;7,00;12,00;16,50;18,50;NI;NI;NI;16,00;12,60;11,33;10,00;13,75;15,33;15,50;15,50;NI;NI
2018-2019;S4ALT;11176720602;1;M.;GEOFFROY;Terance;S;D;;20,00;16,37;17,50;15,00;12,88;19,00;16,42;NI;NI;NI;17,00;14,52;13,00;15,50;13,25;16,33;16,75;16,75;17,00;NI
2019-2020;S4GL;65840347425;36;M.;PERON;Leon;STI;C;;14,27;15,19;14,50;15,00;16,50;17,07;18,21;NI;NI;NI;12,00;12,35;15,00;8,14;11,25;15,00;14,78;-c-;NI;NI
2018-2019;S4GL;65840347425;17;M.;PERON;Leon;STI;C;;14,78;~;~;~;~;~;~;~;~;~;~;~;~;~;~;~;14,78;14,78;NI;NI
2018-2019;S4ALT;63598760921;22;M.;MAYER;Roosevelt;TI2D;D;;14,59;13,84;13,75;8,00;11,50;16,82;17,21;NI;NI;NI;15,00;13,77;14,50;10,50;15,75;14,33;15,75;15,75;NI;NI
2018-2019;S4GL;53672722186;57;M.;DECLERCQ;Gabriel;S;B;;10,76;11,70;11,08;16,00;5,25;11,50;15,86;NI;NI;NI;11,00;11,13;7,17;9,10;11,75;16,50;9,72;9,72;NI;NI
2017-2018;S4GL;26322316987;55;M.;DOUBLET;Bart;TI2D;C;;12,84;12,15;15,25;12,00;8,13;15,00;13,75;NI;NI;NI;10,14;12,90;9,33;15,00;17,25;10,00;13,38;13,38;NI;NI
2017-2018;S4GL;83357538195;61;M.;MINIER;Godfrey;S;C;;12,42;11,83;4,50;12,00;12,88;13,00;6,50;NI;NI;NI;18,00;11,54;9,67;12,00;14,50;10,00;13,50;13,50;NI;NI
2018-2019;S4DS;51154653012;52;M.;HUYGHE;Zach;S;A;;11,94;13,51;15,18;NI;14,00;NI;NI;16,00;8,00;13,00;14,33;10,40;9,33;5,50;13,50;13,25;11,67;11,67;NI;NI
2017-2018;S4DS;75224931232;1;M.;COUDERT;Durward;S;A;;20,00;11,54;9,00;NI;7,50;NI;NI;14,00;9,00;13,00;14,67;14,54;13,33;14,00;17,50;13,33;12,23;12,23;14,00;NI
2017-2018;S4ALT;35888125358;30;M.;MORILLON;Perceval;S;C;;15,01;15,90;10,75;15,00;15,00;19,50;15,75;NI;NI;NI;18,00;14,67;15,00;17,00;15,00;11,67;14,50;14,50;NI;NI
2017-2018;S4GL;75541247770;60;M.;DEMARET;Farley;S;B;;12,44;14,41;13,75;12,00;13,75;19,00;19,25;NI;NI;NI;10,97;11,38;7,83;9,00;13,50;15,17;11,50;11,50;NI;NI
2018-2019;S4GL;92573729837;1;M.;LAGOUTTE;Reynaud;TI2D;B;;20,00;14,00;12,43;16,00;10,75;14,13;15,58;NI;NI;NI;14,67;10,86;9,33;10,60;13,50;10,00;13,67;13,67;NI;14,00
2017-2018;S4ALT;38351837113;41;M.;PINOT;Brent;S;C;;13,80;15,26;14,75;14,00;14,25;17,25;17,75;NI;NI;NI;14,25;13,17;15,00;15,00;15,00;7,67;13,00;13,00;NI;NI
2018-2019;S4ALT;60922581683;14;M.;PAYEN;Lester;S;D;;15,71;15,25;15,50;13,00;10,00;17,88;16,94;NI;NI;NI;17,00;14,73;15,00;16,50;13,75;13,67;16,75;16,75;NI;NI
2017-2018;S4GL;73142758354;1;M.;DUCHESNE;Mitchell;S;C;;20,00;12,32;8,00;14,00;8,88;17,25;14,00;NI;NI;NI;12,00;10,54;11,33;5,00;14,00;11,83;14,75;14,75;18,00;NI
2017-2018;S4GL;21795317234;41;M.;BILLOT;Trenton;S;B;;13,80;13,26;12,75;10,00;13,50;13,75;16,75;NI;NI;NI;13,00;12,29;12,33;9,00;11,00;16,83;15,25;15,25;NI;NI
2018-2019;S4GL;21792544370;55;M.;CONTE;François;S;B;;10,94;11,58;8,80;12,00;11,75;11,51;14,78;NI;NI;NI;11,00;11,73;9,33;10,60;13,00;14,00;9,89;9,89;NI;NI
2017-2018;S4GL;76173016554;1;M.;THUILLIER;Robert;S;B;;20,00;13,91;14,25;8,00;10,75;17,25;18,00;NI;NI;NI;14,67;13,98;11,67;14,00;15,75;14,50;15,75;15,75;19,00;NI
2018-2019;S4ALT;77621121162;20;M.;MINET;Micheal;S;D;;14,93;14,03;14,50;17,00;15,00;14,26;8,62;NI;NI;NI;14,50;14,81;16,00;14,50;13,75;15,00;15,75;15,75;NI;NI
2018-2019;S4DS;61567881857;56;M.;LANGEVIN;Nic;TI2D;A;;10,79;13,87;15,77;NI;13,50;NI;NI;16,00;12,00;13,00;13,33;10,78;9,00;5,50;12,50;16,13;8,22;8,22;NI;NI
2018-2019;S4GL;69898236662;43;M.;HERBIN;Laz;S;C;;12,71;11,49;9,85;7,00;9,75;11,44;16,35;NI;NI;NI;13,33;11,79;7,33;11,20;14,50;14,13;14,33;14,33;NI;NI
2018-2019;S4ALT;22461935577;10;Mme;DANEL;Brandie;TI2D;D;;16,31;16,23;13,50;18,00;14,25;14,88;18,43;NI;NI;NI;17,50;16,48;15,00;16,00;18,25;16,67;16,25;16,25;NI;NI
2019-2020;S4GL;60777144539;55;M.;AUFFRET;Seymour;S;B;;13,57;14,55;15,75;15,00;12,00;13,61;16,49;NI;NI;NI;14,50;12,33;10,00;12,33;13,00;14,00;~;~;NI;NI
2018-2019;S4DS;35282300332;16;M.;LARTIGUE;Joey;S;A;;14,78;14,03;16,81;NI;14,50;NI;NI;16,00;8,00;16,00;13,33;12,90;10,33;14,00;14,75;12,50;16,67;16,67;NI;NI
2018-2019;S4GL;37660261334;44;M.;BURGER;Paise;S;B;;12,69;12,29;12,61;15,00;10,50;11,44;12,37;NI;NI;NI;12,00;13,23;13,33;11,60;12,50;15,50;12,67;12,67;NI;NI
2019-2020;S4GL;55509550236;12;Mme;BROUSSE;Josepha;S;B;;15,58;15,24;13,25;12,00;13,00;18,32;20,00;NI;NI;NI;15,00;16,02;18,00;19,07;16,00;11,00;~;~;NI;NI
2018-2019;S4ALT;29667176746;1;M.;LAFONT;Matt;S;D;;20,00;15,32;15,00;13,00;13,75;10,88;19,09;NI;NI;NI;18,25;12,58;11,50;12,50;12,50;13,83;17,00;17,00;19,00;NI
2018-2019;S4ALT;15187632644;19;M.;PHILIBERT;Gwilherm;S;D;;15,01;15,64;16,50;17,00;13,25;13,88;16,95;NI;NI;NI;16,00;12,73;12,00;11,50;13,00;14,42;16,00;16,00;NI;NI
2018-2019;S4GL;33436351348;1;M.;LANGLET;Jasper;S;C;;20,00;13,71;12,58;13,00;11,50;14,38;17,16;NI;NI;NI;13,67;9,76;7,33;6,10;13,75;11,88;15,00;15,00;20,00;NI
2018-2019;S4GL;25327695818;1;M.;HEINRICH;Morty;S;C;;20,00;14,67;15,53;14,00;11,00;16,50;18,00;NI;NI;NI;13,67;13,21;11,33;13,00;14,75;13,75;17,00;17,00;16,00;NI
2018-2019;S4DS;21176367214;49;M.;BARAT;Larrie;S;A;;12,48;13,13;8,19;NI;14,00;NI;NI;17,00;~;13,00;13,33;10,88;9,00;10,00;12,50;12,00;13,10;13,10;NI;NI
2018-2019;S4GL;67027948358;48;M.;CARRIER;Lanford;S;B;;12,55;13,26;10,70;10,00;14,25;13,51;16,03;NI;NI;NI;14,33;12,18;11,33;10,00;13,00;14,38;12,22;12,22;NI;NI
2018-2019;S4ALT;31802136623;16;M.;FERRE;Joël;S;D;;15,49;15,07;14,50;17,00;13,25;15,75;14,94;NI;NI;NI;15,00;13,77;15,00;12,00;13,75;14,33;17,00;17,00;NI;NI
2018-2019;S4GL;57836713864;35;Mme;BOSC;Lorainne;S;C;;13,05;12,07;10,11;8,00;11,00;13,81;15,33;NI;NI;NI;13,33;12,36;11,33;9,60;14,50;14,00;14,33;14,33;NI;NI
2018-2019;S4DS;24168527372;32;M.;KEMPF;Hyram;S;A;;13,19;12,79;12,01;NI;13,00;NI;NI;16,00;8,00;14,00;13,33;13,47;13,00;10,00;13,75;17,13;13,34;13,34;NI;NI
2018-2019;S4DS;63481810054;58;M.;MOUSSET;Denzel;S;A;;9,64;12,24;6,61;NI;15,00;NI;NI;15,00;12,00;13,00;12,00;10,33;10,83;10,00;13,00;7,50;7,00;7,00;NI;NI
2018-2019;S4GL;91637925502;38;M.;COLLOT;Gavin;S;B;;13,03;14,05;12,20;16,00;10,25;11,51;15,41;NI;NI;NI;17,00;10,80;9,67;11,40;13,50;8,63;13,67;13,67;NI;NI
2019-2020;S4GL;78638626734;71;M.;DESHAYES;Ralph;TI2D;C;;12,62;13,90;15,00;15,00;8,00;16,29;18,35;NI;NI;NI;12,00;11,02;12,50;5,81;11,75;14,00;~;~;NI;NI
2018-2019;S4ALT;71676414574;25;M.;SAMSON;Newton;S;D;;13,53;14,35;13,75;17,00;9,75;13,13;16,20;NI;NI;NI;15,50;11,79;12,00;11,00;13,00;11,17;14,00;14,00;NI;NI
2018-2019;S4GL;81300455334;21;M.;JACQUEMIN;Hall;S;C;;14,13;13,33;11,23;11,00;10,00;16,31;17,52;NI;NI;NI;13,67;11,85;9,33;11,30;13,75;13,00;16,33;16,33;NI;NI
2018-2019;S4DS;52790316834;40;M.;DAVY;Dwight;S;A;;12,92;14,10;16,29;NI;16,25;NI;NI;16,00;8,00;13,00;14,67;10,16;11,00;4,50;12,00;13,13;13,78;13,78;NI;NI
2018-2019;S4GL;35274888531;1;M.;LANGEVIN;Bryce;S;B;;20,00;15,38;15,06;14,00;17,75;16,13;17,41;NI;NI;NI;13,33;13,74;12,83;14,50;12,50;15,13;14,00;14,00;13,00;NI
2018-2019;S4DS;33341816262;1;M.;JAOUEN;Eldred;S;A;;20,00;13,75;18,47;NI;13,00;NI;NI;16,00;8,00;14,00;13,33;11,65;12,33;5,50;13,75;15,00;13,00;13,00;NI;15,00
2018-2019;S4ALT;30667634357;1;M.;MASSE;Emerson;S;D;;20,00;15,21;14,75;17,00;15,00;12,06;14,28;NI;NI;NI;17,00;14,27;16,00;13,00;13,75;14,33;15,50;15,50;18,00;NI
2018-2019;S4GL;58572482110;37;M.;ROLLAND;Sly;S;B;;13,04;13,72;12,20;16,00;12,00;13,25;15,76;NI;NI;NI;13,33;11,51;9,67;10,00;14,75;11,63;13,50;13,50;NI;NI
2018-2019;S4GL;44846262143;23;M.;JAMES;Everard;S;B;;14,06;13,94;9,95;16,00;11,25;14,50;16,23;NI;NI;NI;15,00;13,55;12,50;14,20;16,50;11,00;14,50;14,50;NI;NI
2018-2019;S4ALT;30946397853;9;M.;MUNOZ;Melvin;S;D;;16,33;16,17;17,00;14,00;14,13;16,26;16,42;NI;NI;NI;18,00;14,77;14,50;12,50;15,75;16,33;17,50;17,50;NI;NI
2018-2019;S4GL;57491352221;28;M.;PIGEON;Lancelot;S;B;;13,49;15,23;15,01;17,00;16,25;14,01;17,02;NI;NI;NI;13,33;13,57;13,50;10,90;12,50;17,38;12,00;12,00;NI;NI
2018-2019;S4DS;46878312335;61;M.;JEGOU;Gerard;S;A;;5,42;10,85;15,82;NI;13,50;NI;NI;1,00;4,00;13,00;15,00;6,78;8,00;1,00;13,50;4,63;0,00;0,00;NI;NI
2018-2019;S4GL;88364273434;42;M.;JOURDAN;Hilaire;S;B;;12,80;14,90;17,83;15,00;10,75;17,32;18,41;NI;NI;NI;12,00;14,38;14,67;17,60;14,00;11,25;10,00;10,00;NI;NI
2018-2019;S4GL;75878118518;19;M.;THOMASSIN;Greg;S;B;;14,22;15,35;14,56;18,00;16,50;15,00;16,05;NI;NI;NI;13,33;12,64;13,83;11,60;12,50;12,63;14,33;14,33;NI;NI
2018-2019;S4GL;88115371078;1;Mme;BRET;Monna;S;B;;20,00;13,91;11,43;15,00;8,75;15,44;17,14;NI;NI;NI;15,00;15,49;14,17;13,90;16,50;17,38;16,33;16,33;14,50;NI
2018-2019;S4ALT;63533881383;12;Mme;LAGOUTTE;Corinne;S;D;;15,98;16,31;18,00;18,00;13,00;16,32;18,40;NI;NI;NI;15,00;16,65;15,00;17,50;18,25;15,83;15,25;15,25;NI;NI
2018-2019;S4GL;74333420861;1;M.;SCHAEFFER;Joshua;S;B;;20,00;13,73;12,26;13,00;14,50;13,09;16,46;NI;NI;NI;13,33;11,04;10,17;7,10;12,00;14,88;12,67;12,67;11,00;NI
2019-2020;S4GL;27259283259;62;Mme;AUGIER;Zephyrine;S;B;;13,19;14,07;13,25;17,00;7,50;14,90;16,12;NI;NI;NI;15,00;12,10;8,00;11,40;18,50;10,50;~;~;0,00;NI
2019-2020;S4DS;73784114712;70;M.;VALLON;Ludovic;S;A;;12,73;14,23;11,00;NI;10,00;NI;NI;15,00;18,00;15,00;15,50;10,85;10,00;10,67;11,75;11,00;~;~;NI;NI
2018-2019;S4GL;64871311027;47;Mme;BORDE;Eldreda;S;C;;12,64;12,03;10,18;9,00;9,75;13,06;15,96;NI;NI;NI;13,33;12,63;10,33;9,80;14,50;15,88;13,17;13,17;NI;NI
2019-2020;S4GL;87854625845;15;M.;VITRY;Adolphe;SSI;C;;15,33;15,15;15,00;14,00;13,25;15,04;18,71;NI;NI;NI;15,00;15,56;13,00;16,74;17,50;15,00;~;~;0,00;NI
2018-2019;S4GL;63784043998;25;Mme;AYMARD;Marguerite;S;B;;13,89;13,09;9,10;16,00;12,00;12,69;12,49;NI;NI;NI;15,00;14,23;14,17;10,50;16,50;15,75;14,33;14,33;NI;NI
2018-2019;S4ALT;57424434124;1;M.;POMMIER;Cyrus;S;D;;20,00;15,91;17,00;16,00;13,75;17,38;16,10;NI;NI;NI;15,50;13,79;12,00;16,00;13,00;14,17;16,00;16,00;18,00;NI
2018-2019;S4GL;57650110124;26;M.;BRICE;Waylon;S;B;;13,80;15,23;15,28;15,00;14,25;15,63;16,95;NI;NI;NI;14,67;11,70;8,33;9,20;13,50;15,75;14,00;14,00;NI;NI
2017-2018;S4GL;62189421359;54;M.;BUREL;Fred;TI2D;B;;12,87;14,06;16,75;9,00;14,25;13,00;17,25;NI;NI;NI;14,08;10,81;10,33;9,00;13,25;10,67;13,25;13,25;NI;NI
2017-2018;S4ALT;41697287477;28;M.;RONDEAU;Merv;S;C;;15,10;15,76;13,75;15,00;14,25;15,25;18,50;NI;NI;NI;17,00;14,79;15,17;15,00;15,00;14,00;14,75;14,75;NI;NI
2018-2019;S4GL;45562953277;36;M.;CHANUT;Lance;S;B;;13,04;13,65;11,00;16,00;12,00;13,54;13,43;NI;NI;NI;15,00;11,35;12,50;4,40;16,50;12,00;13,67;13,67;NI;NI
2019-2020;S4DS;42659181448;1;M.;RAMOS;Cal;S;A;;20,00;12,50;12,00;NI;10,83;NI;NI;~;13,00;10,00;15,00;13,25;15,00;~;13,75;11,00;~;~;14,00;NI
2018-2019;S4GL;64241436464;53;M.;BOUILLON;Léonard;S;B;;11,86;11,23;9,68;15,00;6,00;11,01;14,84;NI;NI;NI;11,00;9,96;8,50;10,70;11,75;8,88;13,67;13,67;NI;NI
2018-2019;S4ALT;70760472825;13;Mme;GUIOT;Ninon;S;D;;15,86;16,28;16,50;18,00;12,75;17,63;16,99;NI;NI;NI;16,00;15,88;15,00;17,00;18,25;13,25;15,50;15,50;NI;NI
2018-2019;S4DS;21667811665;14;M.;COCHARD;Nicolas;S;A;;15,21;15,47;15,57;NI;15,25;NI;NI;16,00;14,00;14,00;17,00;14,19;16,00;10,00;14,75;16,00;15,67;15,67;NI;NI
2019-2020;S4GL;51581472352;44;M.;PHILIPPE;Reginald;S;B;;14,08;14,48;14,50;13,00;12,00;15,45;17,42;NI;NI;NI;14,50;13,59;10,00;15,35;13,00;16,00;~;~;NI;NI
2018-2019;S4GL;87248877814;29;M.;BONIN;Xerxes;TI2D;B;;13,30;14,04;15,34;11,00;12,75;14,94;17,37;NI;NI;NI;13,33;11,56;12,33;10,90;13,50;9,50;13,83;13,83;NI;NI
2018-2019;S4GL;71427922767;22;M.;AUFFRET;Herb;TI2D;B;;14,13;13,95;15,88;11,00;10,25;16,06;17,58;NI;NI;NI;13,33;10,04;9,00;7,90;13,50;9,75;17,00;17,00;NI;NI
2018-2019;S4GL;34483555293;33;M.;BRAUD;Cordell;TI2D;B;;13,13;14,87;15,48;17,00;14,00;15,38;17,28;NI;NI;NI;12,00;12,66;12,00;8,25;14,00;16,38;12,00;12,00;NI;NI
2019-2020;S4ALT;66344642983;3;M.;BARTH;Celestine;TI2D;D;;16,98;16,44;14,00;14,50;14,00;17,97;18,11;NI;NI;NI;18,60;15,94;18,00;17,00;14,75;14,00;18,12;18,12;NI;NI
2017-2018;S4ALT;38477849511;20;M.;LECUYER;Wilson;S;C;;16,26;16,43;13,00;17,00;14,50;18,50;19,00;NI;NI;NI;16,50;15,33;15,00;16,00;17,00;13,33;16,75;16,75;NI;NI
2019-2020;S4ALT;56861978936;21;M.;GRANGER;Elwyn;S;D;;14,39;15,06;14,00;14,00;13,50;19,38;17,04;NI;NI;NI;13,50;14,50;16,00;13,00;15,00;14,00;13,75;13,75;NI;NI
2017-2018;S4GL;36782531426;46;M.;LESCURE;York;S;B;;13,63;14,80;14,00;12,00;11,25;17,00;17,75;NI;NI;NI;16,00;11,98;8,67;8,50;13,75;17,00;13,75;13,75;NI;NI
2017-2018;S4ALT;47313758461;1;M.;DESLANDES;Faron;S;C;;20,00;14,50;13,00;15,00;13,00;18,00;13,50;NI;NI;NI;14,50;15,29;15,00;16,00;15,50;14,67;16,00;16,00;18,00;NI
2018-2019;S4GL;59633335593;62;M.;LOYER;Norris;S;;;0,00;0,00;0,00;0,00;0,00;0,00;0,00;NI;NI;NI;0,00;0,00;0,00;0,00;0,00;0,00;0,00;0,00;NI;NI
2017-2018;S4DS;59633335593;72;M.;LOYER;Norris;S;A;;7,84;9,53;3,75;NI;9,13;NI;NI;12,00;4,00;8,00;16,00;9,50;7,00;12,00;10,00;9,00;5,33;5,33;NI;NI
2017-2018;S4DS;86543667537;1;Mme;CLAVIER;Mireille;S;A;;20,00;11,51;10,00;NI;9,75;NI;NI;13,50;9,00;10,00;14,67;15,27;15,83;15,00;14,25;16,00;13,38;13,38;NI;13,00
2017-2018;S4DS;46657388683;56;M.;BONIFACE;Kenelm;S;A;;12,64;11,78;11,25;NI;12,25;NI;NI;13,00;4,00;18,00;12,00;14,75;15,00;13,00;16,00;15,00;11,96;11,96;NI;NI
2017-2018;S4GL;28715928655;1;M.;FORT;Arden;S;C;;20,00;11,18;9,00;14,00;5,13;16,50;13,00;NI;NI;NI;10,14;11,98;9,67;12,00;16,25;10,00;13,00;13,00;12,00;NI
2017-2018;S4GL;77568638318;1;M.;GAUVIN;Lenny;TI2D;B;;20,00;10,88;6,50;7,00;8,00;16,00;16,75;NI;NI;NI;10,97;10,33;11,17;10,00;13,50;6,67;12,50;12,50;16,00;NI
2017-2018;S4GL;44152416733;49;M.;FLOCH;Cyrus;TI2D;B;;13,42;15,37;15,75;13,00;14,50;17,50;17,25;NI;NI;NI;14,67;13,10;10,67;13,50;15,75;12,50;12,00;12,00;NI;NI
2017-2018;S4ALT;26730381373;44;M.;MORAND;Yorick;TI2D;C;;13,78;12,85;9,25;15,00;11,75;11,75;11,25;NI;NI;NI;16,00;14,75;13,00;15,00;17,00;14,00;13,92;13,92;NI;NI
2017-2018;S4GL;24169747510;40;M.;COSSON;Crawford;S;C;;13,87;13,10;3,50;12,00;10,38;18,00;19,00;NI;NI;NI;14,67;13,88;13,00;14,00;14,50;14,00;14,50;14,50;NI;NI
2018-2019;S4ALT;43424067273;17;M.;GUITTON;Mason;S;D;;15,39;14,67;11,00;16,00;13,25;13,94;17,78;NI;NI;NI;15,50;14,63;14,50;14,00;14,50;15,50;16,50;16,50;NI;NI
2017-2018;S4ALT;89482619424;21;M.;AUCLAIR;Sanford;S;C;;15,67;15,46;13,00;15,00;14,00;16,25;16,50;NI;NI;NI;17,00;14,29;15,17;15,00;15,00;12,00;16,75;16,75;NI;NI
2017-2018;S4ALT;55859631188;29;Mme;DESHAYES;Donatienne;S;C;;15,02;14,56;11,75;10,00;12,50;15,75;18,75;NI;NI;NI;17,00;15,75;14,00;14,00;18,50;16,50;14,92;14,92;NI;NI
2017-2018;S4GL;59569821006;36;M.;HENRIOT;Roch;S;B;;14,21;15,43;15,50;~;10,75;18,25;16,25;NI;NI;NI;16,00;12,60;13,33;10,00;13,75;13,33;14,42;14,42;NI;NI
2019-2020;S4GL;25871176283;49;M.;MONIER;Cleveland;S;C;;13,79;15,04;12,00;14,00;11,50;15,60;18,87;NI;NI;NI;17,00;12,21;13,50;12,09;14,25;9,00;~;~;NI;NI
2017-2018;S4DS;18949308387;50;M.;CAZENAVE;Constant;S;A;;13,31;13,37;10,00;NI;14,13;NI;NI;17,00;18,00;0,00;18,00;9,81;5,33;0,00;15,25;18,67;15,58;15,58;NI;NI
2017-2018;S4ALT;34534167451;35;M.;NICOL;Horsa;TI2D;C;;14,22;13,33;7,75;15,00;11,50;11,25;17,50;NI;NI;NI;15,50;14,08;13,00;15,00;12,50;15,83;15,05;15,05;NI;NI
2018-2019;S4ALT;41846064486;1;Mme;GUILLAUD;Adeline;S;D;;20,00;15,56;17,00;17,00;13,25;15,88;15,64;NI;NI;NI;15,00;14,00;14,50;13,00;14,50;14,00;16,25;16,25;17,00;NI
2018-2019;S4GL;77165305782;15;M.;MURAT;Porter;S;B;;14,81;13,86;12,44;10,00;13,25;12,25;16,11;NI;NI;NI;17,00;11,88;9,00;13,50;13,00;12,00;17,55;17,55;NI;NI
2018-2019;S4DS;36446174920;1;M.;MACE;Raphaël;S;A;;20,00;14,11;13,04;NI;13,00;NI;NI;17,00;17,00;14,00;12,00;12,90;13,83;12,00;13,00;12,75;14,00;14,00;NI;15,00
2018-2019;S4ALT;63532178472;15;M.;LAVILLE;Jermaine;S;D;;15,52;16,77;17,00;16,00;15,50;16,00;18,99;NI;NI;NI;17,00;13,98;13,00;15,00;13,25;14,67;15,50;15,50;NI;NI
2018-2019;S4DS;41950017433;1;M.;NOWAK;Abner;S;A;;20,00;17,57;18,55;NI;15,25;NI;NI;18,00;18,00;19,00;17,00;15,83;15,33;17,00;14,50;16,50;15,00;15,00;4,00;15,00
2018-2019;S4ALT;42234921052;21;M.;GODIN;Sheldon;TI2D;D;;14,59;13,89;16,00;17,00;12,00;9,12;12,63;NI;NI;NI;15,50;13,73;15,00;10,50;13,75;15,67;15,75;15,75;NI;NI
2017-2018;S4DS;47511525604;1;M.;AUFFRET;Howard;31.0;A;;20,00;10,59;8,75;NI;8,88;NI;NI;13,50;7,00;8,00;14,67;11,94;10,17;14,00;14,25;9,33;17,00;17,00;19,00;NI
2019-2020;S4GL;41164803627;66;Mme;GABORIT;Eveleen;ST2S;B;;12,98;12,49;11,00;12,00;8,00;16,62;18,95;NI;NI;NI;10,00;13,59;18,00;11,63;13,75;11,00;~;~;NI;NI
2019-2020;S4DS;30284447243;1;M.;BIGOT;Cyril;S;A;;20,00;14,70;15,00;NI;12,50;NI;NI;14,50;16,00;15,00;15,00;10,69;14,00;14,00;14,75;0,00;~;~;16,00;NI
2019-2020;S4GL;55352248071;13;M.;MIGNOT;Morton;S;C;;15,52;15,35;13,25;13,00;15,50;15,71;19,90;NI;NI;NI;15,00;15,72;17,00;18,14;14,75;13,00;~;~;NI;NI
2019-2020;S4GL;62268433886;25;M.;GEORGET;David;S;C;;14,90;13,96;12,00;13,00;11,25;10,82;18,46;NI;NI;NI;16,50;16,07;13,50;19,53;17,25;14,00;~;~;0,00;NI
2019-2020;S4ALT;43306816013;25;M.;PELE;Grant;S;D;;13,50;13,43;14,00;13,00;11,00;16,88;18,00;NI;NI;NI;10,00;14,19;10,00;15,00;14,75;17,00;13,10;13,10;NI;NI
2019-2020;S4GL;24314225826;51;M.;RENAUDIN;Dennis;TI2D;C;;13,66;14,09;12,00;14,00;11,50;13,90;17,53;NI;NI;NI;15,00;13,14;12,50;12,79;16,25;11,00;~;~;NI;NI
2019-2020;S4GL;46661124247;60;M.;LEGENDRE;Giffard;S;B;;13,31;13,40;14,50;10,00;8,50;17,19;14,14;NI;NI;NI;15,00;13,19;8,00;16,28;18,50;10,00;~;~;NI;NI
2019-2020;S4GL;54253344875;24;M.;MARZIN;Greig;S;C;;14,98;15,23;13,25;16,00;17,25;15,60;19,46;NI;NI;NI;12,00;14,66;15,00;18,37;11,25;14,00;~;~;NI;NI
2019-2020;S4GL;58750474372;20;M.;CHAZAL;Hewie;S;C;;15,18;14,85;14,50;12,00;11,50;13,68;19,00;NI;NI;NI;17,00;15,60;17,00;14,65;14,75;16,00;~;~;0,00;NI
2019-2020;S4ALT;44250874878;7;M.;CAUSSE;David;S;D;;16,20;15,94;12,00;15,50;14,50;18,14;18,12;NI;NI;NI;16,80;15,69;16,00;19,00;15,75;12,00;16,75;16,75;NI;NI
2019-2020;S4DS;49224438753;67;M.;ROUTIER;Ferdy;S;A;;12,96;14,45;14,50;NI;11,50;NI;NI;15,50;13,00;16,00;15,50;11,10;10,00;12,67;11,75;10,00;~;~;NI;NI
2019-2020;S4ALT;82834312803;8;Mme;GENET;Naomi;S;D;;16,01;14,74;14,50;13,50;11,50;14,75;13,67;NI;NI;NI;18,20;14,63;16,00;14,00;16,50;12,00;18,00;18,00;NI;NI
2017-2018;S4DS;46122880460;48;M.;THIBAULT;Benedict;S;A;;13,45;11,66;9,75;NI;11,50;NI;NI;14,00;7,00;12,00;14,08;13,38;11,33;15,00;12,50;14,67;15,00;15,00;NI;NI
